game_title,game_image_url
세븐원더스 : 듀얼,https://assets.redbuttonserver.com/media/gameinfo/7원더스-듀얼.png
개조심,https://assets.redbuttonserver.com/media/gameinfo/개조심.png
고스트,https://assets.redbuttonserver.com/media/gameinfo/고스트.png
노땡스,https://assets.redbuttonserver.com/media/gameinfo/노땡스.png
다빈치코드,https://assets.redbuttonserver.com/media/gameinfo/Davinci_Code.png
닥터유레카,https://assets.redbuttonserver.com/media/gameinfo/닥터-유레카.png
달무티,https://assets.redbuttonserver.com/media/gameinfo/달무티.png
더게임,https://assets.redbuttonserver.com/media/gameinfo/더-게임.png
데드오브윈터,https://assets.redbuttonserver.com/media/gameinfo/데드오브윈터.png
도블,https://assets.redbuttonserver.com/media/gameinfo/도블.png
동키더비,https://assets.redbuttonserver.com/media/gameinfo/동키더비.png
드렉사우,https://assets.redbuttonserver.com/media/gameinfo/드렉사우.png
딕싯,https://assets.redbuttonserver.com/media/gameinfo/딕싯.png
딕싯 : 메모리즈,https://assets.redbuttonserver.com/media/gameinfo/딕싯-메모리즈.png
딕싯 : 예지,https://assets.redbuttonserver.com/media/gameinfo/딧싯-예지.png
딕싯 : 퀘스트,https://assets.redbuttonserver.com/media/gameinfo/딕싯-퀘스트.png
라보카,https://assets.redbuttonserver.com/media/gameinfo/라보카.png
라비린스,https://assets.redbuttonserver.com/media/gameinfo/라비린스.png
라스베가스,https://assets.redbuttonserver.com/media/gameinfo/라스베가스.png
라온,https://assets.redbuttonserver.com/media/gameinfo/라온.png
러시아워쉬프트,https://assets.redbuttonserver.com/media/gameinfo/러시아워-쉬프트.png
시퀀스,https://assets.redbuttonserver.com/media/gameinfo/시퀀스.png
레지스탕스 아발론,https://assets.redbuttonserver.com/media/gameinfo/아발론.png
레지스탕스:쿠,https://assets.redbuttonserver.com/media/gameinfo/레지스탕스쿠.png
렉시오,https://assets.redbuttonserver.com/media/gameinfo/렉시오.png
로보77,https://assets.redbuttonserver.com/media/gameinfo/로보77.png
시타델,https://assets.redbuttonserver.com/media/gameinfo/시타델2018.png
루미큐브,https://assets.redbuttonserver.com/media/gameinfo/Rummi.png
루핑루이,https://assets.redbuttonserver.com/media/gameinfo/루팡루이.png
뤄양의사람들,https://assets.redbuttonserver.com/media/gameinfo/뤄양의-사람들.png
마닐라,https://assets.redbuttonserver.com/media/gameinfo/마닐라.png
마라케시,https://assets.redbuttonserver.com/media/gameinfo/마라케시.png
마법의미로,https://assets.redbuttonserver.com/media/gameinfo/마법의-미로.png
마헤,https://assets.redbuttonserver.com/media/gameinfo/마헤.png
맨해튼,https://assets.redbuttonserver.com/media/gameinfo/맨하탄.png
나방속이기 (장난꾸러기 나방),https://assets.redbuttonserver.com/media/gameinfo/나방속이기모겔모테.png
모노폴리,https://assets.redbuttonserver.com/media/gameinfo/모노폴리.png
모던아트,https://assets.redbuttonserver.com/media/gameinfo/모던아트.png
몰타의관문,https://assets.redbuttonserver.com/media/gameinfo/몰타의-관문.png
미니빌,https://assets.redbuttonserver.com/media/gameinfo/미니빌.png
미니빌:그린밸리,https://assets.redbuttonserver.com/media/gameinfo/미니빌-그린벨리.png
미니빌:항구,https://assets.redbuttonserver.com/media/gameinfo/미니빌-항구.png
미스터잭,https://assets.redbuttonserver.com/media/gameinfo/미스터잭.png
미스터잭 포켓,https://assets.redbuttonserver.com/media/gameinfo/미스터잭-포켓.png
바운스오프,https://assets.redbuttonserver.com/media/gameinfo/v3_바운스오프.jpg
바퀴벌레 샐러드,https://assets.redbuttonserver.com/media/gameinfo/바퀴벌레-샐러드.png
바퀴벌레포커,https://assets.redbuttonserver.com/media/gameinfo/바퀴벌레-포커.png
배틀쉽,https://assets.redbuttonserver.com/media/gameinfo/배틀쉽.png
뱅,https://assets.redbuttonserver.com/media/gameinfo/뱅.png
텔레스트레이션,https://assets.redbuttonserver.com/media/gameinfo/텔레스트레이션.png
뱅:다이스,https://assets.redbuttonserver.com/media/gameinfo/뱅-주사위.png
뱅:닷지시티,https://assets.redbuttonserver.com/media/gameinfo/뱅-닷지시티.png
웰컴백 투더 던전,https://assets.redbuttonserver.com/media/gameinfo/웰컴백투더-던전.png
보난자,https://assets.redbuttonserver.com/media/gameinfo/보난자.png
부루마불,https://assets.redbuttonserver.com/media/gameinfo/부루마블.png
블로커스,https://assets.redbuttonserver.com/media/gameinfo/블로커스.png
블리츠,https://assets.redbuttonserver.com/media/gameinfo/블리츠.png
사보타지,https://assets.redbuttonserver.com/media/gameinfo/사보타지.png
선물입니다,https://assets.redbuttonserver.com/media/gameinfo/Present.png
핸즈업,https://assets.redbuttonserver.com/media/gameinfo/핸즈업.png
세트,https://assets.redbuttonserver.com/media/gameinfo/세트.png
셜록13,https://assets.redbuttonserver.com/media/gameinfo/셜록-13.png
손바닥룰렛,https://assets.redbuttonserver.com/media/gameinfo/손바닥룰렛.png
쇼텐토텐,https://assets.redbuttonserver.com/media/gameinfo/쇼텐토텐.png
숲속의음악대,https://assets.redbuttonserver.com/media/gameinfo/숲속의-음악대.png
슈퍼라이노,https://assets.redbuttonserver.com/media/gameinfo/슈퍼-라이노.png
스머프 사다리게임,https://assets.redbuttonserver.com/media/gameinfo/스머프-사다리게임.png
스택시스,https://assets.redbuttonserver.com/media/gameinfo/스택시스.png
스트라테고,https://assets.redbuttonserver.com/media/gameinfo/스트라테고.png
스트림스,https://assets.redbuttonserver.com/media/gameinfo/스트림스.png
스티키스틱스,https://assets.redbuttonserver.com/media/gameinfo/스티키-스틱스.png
스파이폴,https://assets.redbuttonserver.com/media/gameinfo/스파이폴.png
스플렌더,https://assets.redbuttonserver.com/media/gameinfo/Splendor.png
메트로,https://assets.redbuttonserver.com/media/gameinfo/메트로.png
신의한수,https://assets.redbuttonserver.com/media/gameinfo/신의-한수.png
아그리콜라,https://assets.redbuttonserver.com/media/gameinfo/아그리콜라.png
아발론,https://assets.redbuttonserver.com/media/gameinfo/아발론-구슬.png
아브라카왓,https://assets.redbuttonserver.com/media/gameinfo/아브라카왓.png
아임더보스,https://assets.redbuttonserver.com/media/gameinfo/아임더보스.png
아컴호러,https://assets.redbuttonserver.com/media/gameinfo/아컴호러.png
에니그마,https://assets.redbuttonserver.com/media/gameinfo/에니그마.png
와이어트어프,https://assets.redbuttonserver.com/media/gameinfo/와이어트어프.png
우노,https://assets.redbuttonserver.com/media/gameinfo/우노.png
우봉고,https://assets.redbuttonserver.com/media/gameinfo/우봉고.png
원카드클래식,https://assets.redbuttonserver.com/media/gameinfo/원카드-클래식.png
위너스서클,https://assets.redbuttonserver.com/media/gameinfo/위너스-서클.png
이매진,https://assets.redbuttonserver.com/media/gameinfo/이매진.png
이스탄불,https://assets.redbuttonserver.com/media/gameinfo/이스탄불.png
이웃집 몬스터,https://assets.redbuttonserver.com/media/gameinfo/이웃집-몬스터.png
인쉬,https://assets.redbuttonserver.com/media/gameinfo/인쉬.png
장기,https://assets.redbuttonserver.com/media/gameinfo/신의-한수_rHxoVoA.png
스타워즈 : 덱빌딩 게임,https://assets.redbuttonserver.com/media/gameinfo/대표이미지_5sPS202.jpg
젝스님트,https://assets.redbuttonserver.com/media/gameinfo/젝스님트.png
젠가,https://assets.redbuttonserver.com/media/gameinfo/젠가.png
젬블로,https://assets.redbuttonserver.com/media/gameinfo/젬블로.png
젬블로Q,https://assets.redbuttonserver.com/media/gameinfo/젬블로Q.png
줄로레또,https://assets.redbuttonserver.com/media/gameinfo/줄로레또.png
마법사와 움직이는 탑,https://assets.redbuttonserver.com/media/gameinfo/대표이미지_좌측면.jpg
차이나타운,https://assets.redbuttonserver.com/media/gameinfo/차이나-타운.png
챠오챠오,https://assets.redbuttonserver.com/media/gameinfo/챠오챠오.png
체스 앤 체커스,https://assets.redbuttonserver.com/media/gameinfo/체스앤체커.png
치킨차차,https://assets.redbuttonserver.com/media/gameinfo/치킨차차.png
카루바,https://assets.redbuttonserver.com/media/gameinfo/카루바.png
카르카손,https://assets.redbuttonserver.com/media/gameinfo/카르카손.png
카탄:도시와기사,https://assets.redbuttonserver.com/media/gameinfo/카탄-도시와-기사.png
카탄:항해사,https://assets.redbuttonserver.com/media/gameinfo/카탄-항해사.png
카탄:5-6인확장,https://assets.redbuttonserver.com/media/gameinfo/카탄확장.png
카후나,https://assets.redbuttonserver.com/media/gameinfo/카후나.png
콘셉트,https://assets.redbuttonserver.com/media/gameinfo/콘셉트.png
컬러레또,https://assets.redbuttonserver.com/media/gameinfo/컬러레또.png
컴팩트컬링,https://assets.redbuttonserver.com/media/gameinfo/컴팩트-컬링.png
티켓투라이드 : 유럽,https://assets.redbuttonserver.com/media/gameinfo/유럽.png
코드777,https://assets.redbuttonserver.com/media/gameinfo/코드-777.png
코코너츠,https://assets.redbuttonserver.com/media/gameinfo/코코너츠.png
티켓투라이드 : 노르딕컨트리,https://assets.redbuttonserver.com/media/gameinfo/노르딕.png
쿼리도,https://assets.redbuttonserver.com/media/gameinfo/쿼리도.png
쿼클,https://assets.redbuttonserver.com/media/gameinfo/쿼클.png
퀵소,https://assets.redbuttonserver.com/media/gameinfo/퀵소.png
클루,https://assets.redbuttonserver.com/media/gameinfo/CLUE.png
타르기,https://assets.redbuttonserver.com/media/gameinfo/타르기.png
타뷸라의늑대,https://assets.redbuttonserver.com/media/gameinfo/타불라의-늑대.png
타임라인:한국사,https://assets.redbuttonserver.com/media/gameinfo/타임라인-한국사.png
터틀블럭,https://assets.redbuttonserver.com/media/gameinfo/터틀블럭.png
텀블링다이스,https://assets.redbuttonserver.com/media/gameinfo/텀블링-다이스.png
텀블링몽키,https://assets.redbuttonserver.com/media/gameinfo/텀블링-몽키.png
테라미스티카,https://assets.redbuttonserver.com/media/gameinfo/테라미스테카.png
테트리스링크,https://assets.redbuttonserver.com/media/gameinfo/테트리스-링크.png
꼬꼬미노,https://assets.redbuttonserver.com/media/gameinfo/대표이미지_정면_YN988dx.jpg
톡톡우드맨,https://assets.redbuttonserver.com/media/gameinfo/톡톡우드맨.png
티켓투라이드,https://assets.redbuttonserver.com/media/gameinfo/티켓-투-라이드.png
티키토플,https://assets.redbuttonserver.com/media/gameinfo/티키토플.png
파라오코드,https://assets.redbuttonserver.com/media/gameinfo/파라오-코드.png
패치워크,https://assets.redbuttonserver.com/media/gameinfo/패치워크.png
팬데믹,https://assets.redbuttonserver.com/media/gameinfo/팬데믹.png
퍼레이드,https://assets.redbuttonserver.com/media/gameinfo/퍼레이드.png
펭귄팡팡 (펭귄트랩),https://assets.redbuttonserver.com/media/gameinfo/펭귄트랩.png
포세일,https://assets.redbuttonserver.com/media/gameinfo/포-세일.png
푸에르토리코,https://assets.redbuttonserver.com/media/gameinfo/푸에르토-리코.png
프로히스,https://assets.redbuttonserver.com/media/gameinfo/프로히스.png
피냐타,https://assets.redbuttonserver.com/media/gameinfo/피냐타.png
디셉션 : 홍콩 살인 사건,https://assets.redbuttonserver.com/media/gameinfo/2021대표이미지.jpg
핏,https://assets.redbuttonserver.com/media/gameinfo/핏.png
하나비,https://assets.redbuttonserver.com/media/gameinfo/하나비.png
한밤의 늑대인간 : 기본캐릭터,https://assets.redbuttonserver.com/media/gameinfo/한밤의-늑대인간.png
할리갈리,https://assets.redbuttonserver.com/media/gameinfo/할리갈리.png
할리갈리 익스트림,https://assets.redbuttonserver.com/media/gameinfo/할리갈리-익스트림.png
할리갈리 컵스,https://assets.redbuttonserver.com/media/gameinfo/할리갈리-컵스.png
해적룰렛,https://assets.redbuttonserver.com/media/gameinfo/해적-룰렛.png
핸즈,https://assets.redbuttonserver.com/media/gameinfo/핸즈.png
행온하비 (꽉잡아하비),https://assets.redbuttonserver.com/media/gameinfo/행온하비.png
흔들흔들해적선,https://assets.redbuttonserver.com/media/gameinfo/흔들흔들-해저선.png
이것좀봐,https://assets.redbuttonserver.com/media/gameinfo/이것좀봐.png
코드네임 픽쳐스,https://assets.redbuttonserver.com/media/gameinfo/코드네임-픽쳐스.png
폴드잇,https://assets.redbuttonserver.com/media/gameinfo/폴드잇.png
도블 동물원,https://assets.redbuttonserver.com/media/gameinfo/도블_동물원.jpg
피라미드포커,https://assets.redbuttonserver.com/media/gameinfo/피라미드-포커.png
레지스탕스 쿠 : 리포메이션,https://assets.redbuttonserver.com/media/gameinfo/쿠-리포메이션.png
코티지가든,https://assets.redbuttonserver.com/media/gameinfo/코티지가든.png
센추리 : 향신료의 길,https://assets.redbuttonserver.com/media/gameinfo/센추리-향신료의-길.png
벼룩서커스,https://assets.redbuttonserver.com/media/gameinfo/벼룩서커스.png
드림홈,https://assets.redbuttonserver.com/media/gameinfo/드림홈.png
스타트업스,https://assets.redbuttonserver.com/media/gameinfo/스타트업스.png
미스터잭 인 뉴욕,https://assets.redbuttonserver.com/media/gameinfo/미스터잭-뉴욕.png
루미큐브 한글,https://assets.redbuttonserver.com/media/gameinfo/대표이미지_정면_WT4UEnC.jpg
테마틱,https://assets.redbuttonserver.com/media/gameinfo/테마틱.png
임호텝,https://assets.redbuttonserver.com/media/gameinfo/임호텝.png
세븐원더스,https://assets.redbuttonserver.com/media/gameinfo/7원더스.png
마스크맨,https://assets.redbuttonserver.com/media/gameinfo/마스크맨.png
타란툴라탱고,https://assets.redbuttonserver.com/media/gameinfo/타란툴라-탱고.png
브레인스톰,https://assets.redbuttonserver.com/media/gameinfo/브레인스톰.png
황혼의투쟁,https://assets.redbuttonserver.com/media/gameinfo/황혼의투쟁.png
티칼,https://assets.redbuttonserver.com/media/gameinfo/티칼.png
쿠한델 마스터,https://assets.redbuttonserver.com/media/gameinfo/쿠한델-마스터.png
인디언포커,https://assets.redbuttonserver.com/media/gameinfo/indian.png
유령대소동,https://assets.redbuttonserver.com/media/gameinfo/유령대소동.png
오부족,https://assets.redbuttonserver.com/media/gameinfo/오부족.png
스플렌더 : 찬란한도시,https://assets.redbuttonserver.com/media/gameinfo/스플렌더-확장포함.png
위자드,https://assets.redbuttonserver.com/media/gameinfo/위자드.png
마음의선물,https://assets.redbuttonserver.com/media/gameinfo/마음의-선물.png
스탁파일,https://assets.redbuttonserver.com/media/gameinfo/스탁파일.png
마피아 데 쿠바,https://assets.redbuttonserver.com/media/gameinfo/마피아-데-쿠바.png
마피아 데 쿠바,https://assets.redbuttonserver.com/media/gameinfo/마피아-데-쿠바.png
셀레스티아,https://assets.redbuttonserver.com/media/gameinfo/셀레스티아.png
라온 조각,https://assets.redbuttonserver.com/media/gameinfo/라온_조각_대표이미지.jpg
쿠키런 러브레터,https://assets.redbuttonserver.com/media/gameinfo/대표이미지_ogyzxMA.jpg
인코그니토,https://assets.redbuttonserver.com/media/gameinfo/대표이미지_fGg3ay3.png
도미니언 : 장막뒤의사람들,https://assets.redbuttonserver.com/media/gameinfo/도미니언장막.png
두더지 땅파기,https://assets.redbuttonserver.com/media/gameinfo/두더지-땅파기.png
뒤죽박죽 서커스,https://assets.redbuttonserver.com/media/gameinfo/뒤죽박죽-서커스.png
랫 어 탯캣,https://assets.redbuttonserver.com/media/gameinfo/랫어탯캣.png
달러투도넛,https://assets.redbuttonserver.com/media/gameinfo/대표이미지_MxVfNnc.jpg
오트리오,https://assets.redbuttonserver.com/media/gameinfo/Otrio_2.jpg
마피아 데 쿠바 : 혁명,https://assets.redbuttonserver.com/media/gameinfo/마피아데쿠파_혁명2015.jpg
생쥐만세 (비바토포),https://assets.redbuttonserver.com/media/gameinfo/비바토포.png
샤크,https://assets.redbuttonserver.com/media/gameinfo/대표이미지_71xLCgC.jpg
스파이폴2,https://assets.redbuttonserver.com/media/gameinfo/스파이폴2.png
라쿠카라차,https://assets.redbuttonserver.com/media/gameinfo/대표이미지_1KXBn5o.png
스컬킹,https://assets.redbuttonserver.com/media/gameinfo/skullking_2019.jpg
졸리앤로저,https://assets.redbuttonserver.com/media/gameinfo/졸리-앤-로저.png
슬루스,https://assets.redbuttonserver.com/media/gameinfo/대표이미지_nLeAJwN.png
토끼와 거북이,https://assets.redbuttonserver.com/media/gameinfo/토끼와-거북이.png
오뚜기 윷놀이,https://assets.redbuttonserver.com/media/gameinfo/Ottogi_Yutnori_BOX_top_page-0001.jpg
플라잉 팬케이크,https://assets.redbuttonserver.com/media/gameinfo/플라잉-팬케이크.png
초밥왕,https://assets.redbuttonserver.com/media/gameinfo/초밥왕.png
테이크 잇 이지,https://assets.redbuttonserver.com/media/gameinfo/테이크-잇-이지.png
마제스티 크라운 앤 킹덤,https://assets.redbuttonserver.com/media/gameinfo/마제스티-크라운-앤-킹덤.png
큐윅스,https://assets.redbuttonserver.com/media/gameinfo/큐윅스.png
데드 맨스 드로우,https://assets.redbuttonserver.com/media/gameinfo/데드맨스드로우.png
레이디 고디바,https://assets.redbuttonserver.com/media/gameinfo/레이디-고디바.png
스킵피티,https://assets.redbuttonserver.com/media/gameinfo/스킵피티.png
도망자,https://assets.redbuttonserver.com/media/gameinfo/도망자.png
슬리핑 퀸즈,https://assets.redbuttonserver.com/media/gameinfo/v3_슬리핑퀸즈.png
탤리호 (할랄리),https://assets.redbuttonserver.com/media/gameinfo/텔리호.png
아키올로지,https://assets.redbuttonserver.com/media/gameinfo/아키올로지.png
킹도미노,https://assets.redbuttonserver.com/media/gameinfo/킹도미노.png
테라포밍마스,https://assets.redbuttonserver.com/media/gameinfo/테라포밍마스.png
5분던전,https://assets.redbuttonserver.com/media/gameinfo/5분던전.png
윌유메리미 (데어이쎄스),https://assets.redbuttonserver.com/media/gameinfo/윌유메리미.png
사그라다,https://assets.redbuttonserver.com/media/gameinfo/사그라다.png
블루라군,https://assets.redbuttonserver.com/media/gameinfo/블루라군.png
크라임호텔,https://assets.redbuttonserver.com/media/gameinfo/크라임호텔.png
아줄,https://assets.redbuttonserver.com/media/gameinfo/아줄.png
센추리 : 동방의 바다,https://assets.redbuttonserver.com/media/gameinfo/센추리--동방의바다.png
가짜예술가 뉴욕에가다,https://assets.redbuttonserver.com/media/gameinfo/가짜-예술가-뉴욕에-가다.png
꿈의 대화,https://assets.redbuttonserver.com/media/gameinfo/꿈의대화.png
영리한 여우,https://assets.redbuttonserver.com/media/gameinfo/간츠숀클래버.png
펭귄파티,https://assets.redbuttonserver.com/media/gameinfo/펭귄파티.png
헥스피드,https://assets.redbuttonserver.com/media/gameinfo/핵스피드.png
더마인드,https://assets.redbuttonserver.com/media/gameinfo/더마인드.png
산토리니,https://assets.redbuttonserver.com/media/gameinfo/산토리니.jpg
코드네임,https://assets.redbuttonserver.com/media/gameinfo/코드네임.jpg
칼라리아,https://assets.redbuttonserver.com/media/gameinfo/칼라리아.jpg
로스트시티,https://assets.redbuttonserver.com/media/gameinfo/lostcities_2018.png
자이푸르,https://assets.redbuttonserver.com/media/gameinfo/v3_자이푸르.png
스피디피커스,https://assets.redbuttonserver.com/media/gameinfo/v3_스피디피커스.png
솔레니아,https://assets.redbuttonserver.com/media/gameinfo/솔레니아_.png
OX퀴즈왕,https://assets.redbuttonserver.com/v3/pa/branch-default.png
도미니언,https://assets.redbuttonserver.com/media/gameinfo/v3_도미니언_2018_대표.png
랩터,https://assets.redbuttonserver.com/media/gameinfo/대표이미지_AnVKdUk.jpg
셋셋셋,https://assets.redbuttonserver.com/media/gameinfo/v3_셋셋셋.jpg
모아보새,https://assets.redbuttonserver.com/media/gameinfo/v3_모아보새.jpg
데칼코,https://assets.redbuttonserver.com/media/gameinfo/v3_데칼코.jpg
상어 아일랜드,https://assets.redbuttonserver.com/media/gameinfo/v3_상어아일랜드.jpg
상어를 조심해,https://assets.redbuttonserver.com/media/gameinfo/v3_상어를조심해.jpg
에코링크,https://assets.redbuttonserver.com/media/gameinfo/v3_에코링크.jpg
코린트,https://assets.redbuttonserver.com/media/gameinfo/v3_코린트.jpg
와글와글사파리,https://assets.redbuttonserver.com/media/gameinfo/v3_와글와글사파리.png
티츄 딜럭스,https://assets.redbuttonserver.com/media/gameinfo/v3_티츄딜럭스.jpg
공기놀이,https://assets.redbuttonserver.com/media/gameinfo/v3_공기놀이.jpg
너도나도파티,https://assets.redbuttonserver.com/media/gameinfo/v3_너도나도파티.jpg
잉카의 황금,https://assets.redbuttonserver.com/media/gameinfo/v3_잉카의황금.png
센추리 : 신대륙의 개척자,https://assets.redbuttonserver.com/media/gameinfo/v3_센츄리_신대륙의개척자.jpg
일루전,https://assets.redbuttonserver.com/media/gameinfo/v3_일루전.jpg
파워그리드,https://assets.redbuttonserver.com/media/gameinfo/v3_파워그리드.jpg
의자쌓기,https://assets.redbuttonserver.com/media/gameinfo/v3_의자쌓기.jpg
고읭고읭,https://assets.redbuttonserver.com/media/gameinfo/v3_고읭고읭.jpg
테이블톡 베이직,https://assets.redbuttonserver.com/media/gameinfo/v3_테이블톡-베이직.jpg
테이블톡 커플,https://assets.redbuttonserver.com/media/gameinfo/v3_테이블톡-커플.jpg
테이블톡 패밀리,https://assets.redbuttonserver.com/media/gameinfo/v3_테이블톡-패밀리.jpg
노터치 크라켄 디럭스 (크툴루를 건드리지마),https://assets.redbuttonserver.com/media/gameinfo/v3_노터치크라켄-디럭스.jpg
라티스하와이,https://assets.redbuttonserver.com/media/gameinfo/v3_라티스하와이.png
저스트원,https://assets.redbuttonserver.com/media/gameinfo/v3_저스트_원.jpg
윙스팬,https://assets.redbuttonserver.com/media/gameinfo/v3_윙스팬.jpg
타코 캣 고트 치즈 피자,https://assets.redbuttonserver.com/media/gameinfo/v3_타코캣고트지츠피자.jpg
캐쉬,https://assets.redbuttonserver.com/media/gameinfo/v3_캐쉬.jpg
부두프린스,https://assets.redbuttonserver.com/media/gameinfo/v3_부두프린스.jpg
뱀파이어퀸,https://assets.redbuttonserver.com/media/gameinfo/v3_뱀파이어퀸.jpg
카탄,https://assets.redbuttonserver.com/media/gameinfo/v3_카탄2015.jpg
우봉고3D,https://assets.redbuttonserver.com/media/gameinfo/v3_우봉고_3D.jpg
꼬치의 달인,https://assets.redbuttonserver.com/media/gameinfo/v3_꼬치의_달인.jpg
지도제작자들,https://assets.redbuttonserver.com/media/gameinfo/v3_지도제작자들.jpg
화이트홀,https://assets.redbuttonserver.com/media/gameinfo/v3_화이트홀.jpg
5초준다,https://assets.redbuttonserver.com/media/gameinfo/v3_5초준다.jpg
빛의 도시 파리,https://assets.redbuttonserver.com/media/gameinfo/v3_빛의_도시_파리.jpg
제왕의 깃발,https://assets.redbuttonserver.com/media/gameinfo/v3_제왕의_깃발.jpg
니다벨리르,https://assets.redbuttonserver.com/media/gameinfo/니다벨리르_HnB6iBO.jpg
5분마블,https://assets.redbuttonserver.com/media/gameinfo/54987ae4-fd1a-4b3f-954a-e5c01ff242f81.jpg
블랙햇츠,https://assets.redbuttonserver.com/media/gameinfo/블랙햇츠_.png
스탁파일: 계속되는 부패,https://assets.redbuttonserver.com/media/gameinfo/스탁파일_계속되는_부패.jpg
스탁파일: 불법 투자,https://assets.redbuttonserver.com/media/gameinfo/스탁파일_불법투자.jpg
테라포밍마스: 서곡,https://assets.redbuttonserver.com/media/gameinfo/테라포밍마스_서곡.jpg
테라포밍마스: 비너스 넥스트,https://assets.redbuttonserver.com/media/gameinfo/테라포밍마스_비너스넥스트.jpg
테라포밍마스: 개척기지,https://assets.redbuttonserver.com/media/gameinfo/테라포밍마스_개척기지.jpg
하이소사이어티,https://assets.redbuttonserver.com/media/gameinfo/하이소사이어티_.png
13클루,https://assets.redbuttonserver.com/media/gameinfo/13클루_.png
캔트스탑,https://assets.redbuttonserver.com/media/gameinfo/캔트스탑.png
밸런스게임,https://assets.redbuttonserver.com/media/gameinfo/밸런스게임_.jpg
요트다이스,https://assets.redbuttonserver.com/media/gameinfo/요트다이스.png
다이아몬드 게임,https://assets.redbuttonserver.com/media/gameinfo/다이아몬드게임.jpg
구룡투,https://assets.redbuttonserver.com/media/gameinfo/구룡투.jpg
키포지 : 어둠의 물결,https://assets.redbuttonserver.com/media/gameinfo/키포지_어둠의_물결.jpg
보내줘 여행,https://assets.redbuttonserver.com/media/gameinfo/보내줘_여행_배경_날림.jpg
다잉메시지 : 소설가의 마지막 문장,https://assets.redbuttonserver.com/media/gameinfo/다잉메세지본판_resized.jpg
언매치드,https://assets.redbuttonserver.com/media/gameinfo/언매치드.jpg
돌팔이 약장수,https://assets.redbuttonserver.com/media/gameinfo/돌팔이_약장수.png
스페이스크루,https://assets.redbuttonserver.com/media/gameinfo/스페이스_크루.png
바퀴벌레포커 로얄,https://assets.redbuttonserver.com/media/gameinfo/바퀴벌레포커_로얄.jpg
언락2,https://assets.redbuttonserver.com/media/gameinfo/언락2.png
언락3,https://assets.redbuttonserver.com/media/gameinfo/언락3.png
윷놀이,https://assets.redbuttonserver.com/media/gameinfo/윷놀이.png
도둑잡기,https://assets.redbuttonserver.com/media/gameinfo/도둑잡기.png
포션폭발,https://assets.redbuttonserver.com/media/gameinfo/포션폭발.png
더치블리츠,https://assets.redbuttonserver.com/media/gameinfo/더치블리츠.png
인더스트리아,https://assets.redbuttonserver.com/media/gameinfo/인더스트리아.png
만약카드 이심전심,https://assets.redbuttonserver.com/media/gameinfo/만약카드.png
디크립토,https://assets.redbuttonserver.com/media/gameinfo/디크립토_tWdMEbW.png
퍼스트콘택트,https://assets.redbuttonserver.com/media/gameinfo/퍼스트콘택트.jpg
카멜업 2판,https://assets.redbuttonserver.com/media/gameinfo/02_카멜업_2판_패키지_전면_이미지.png
스크리블 타임,https://assets.redbuttonserver.com/media/gameinfo/스크리블타임_박스_3D.png
로꼬라마,https://assets.redbuttonserver.com/media/gameinfo/로꼬라마_박스_정면.JPG
듄 : 임페리움,https://assets.redbuttonserver.com/media/gameinfo/듄_임페리움.png
파라노말 디텍티브,https://assets.redbuttonserver.com/media/gameinfo/1585183026333l0.jpg
블리츠 한글자,https://assets.redbuttonserver.com/media/gameinfo/블리츠_한글자.png
지킬대하이드,https://assets.redbuttonserver.com/media/gameinfo/지킬대하이드.jpg
언락4,https://assets.redbuttonserver.com/media/gameinfo/언락4.jpg
서스펙트게임,https://assets.redbuttonserver.com/media/gameinfo/서스펙트게임배경편집.jpg
캐스캐디아,https://assets.redbuttonserver.com/media/gameinfo/캐스캐디아.jpg
블랙햇츠2,https://assets.redbuttonserver.com/media/gameinfo/블랙햇츠2.jpg
언락1,https://assets.redbuttonserver.com/media/gameinfo/언락1_박스_이미지.png
독수리 눈치싸움,https://assets.redbuttonserver.com/media/gameinfo/독수리눈씨차움.png
쇼텐토텐2,https://assets.redbuttonserver.com/media/gameinfo/쇼텐토텐2.jpg
시크릿 히틀러,https://assets.redbuttonserver.com/media/gameinfo/시크릿히틀러.jpg
진라면,https://assets.redbuttonserver.com/media/gameinfo/진라면.jpg
타코케챂마요치즈피자,https://assets.redbuttonserver.com/media/gameinfo/타코케찹마요치즈피자.png
할리갈리 배사매무초,https://assets.redbuttonserver.com/media/gameinfo/진비빔면_할리갈리.jpg
바방크,https://assets.redbuttonserver.com/media/gameinfo/바방크사이즈조정.jpg
마음보듬 대화카드,https://assets.redbuttonserver.com/media/gameinfo/마음보듬대화카드.jpg
부루마불 대한독립,https://assets.redbuttonserver.com/media/gameinfo/부루마불_대한독립_박스크기키움.jpg
페이퍼사파리 : 피카츄와 친구들,https://assets.redbuttonserver.com/media/gameinfo/페이퍼_사파리_피카츄와_친구들.jpg
포인트샐러드 : 이브이에디션,https://assets.redbuttonserver.com/media/gameinfo/포인트_샐러드_이브이_에디션.jpg
러브레터,https://assets.redbuttonserver.com/media/gameinfo/러브레터대표이미지.jpg
코드네임 듀엣,https://assets.redbuttonserver.com/media/gameinfo/코드네임_듀엣_대표이미지_정면.jpg
스파이시,https://assets.redbuttonserver.com/media/gameinfo/스파이시_대표이미지_백으로.jpg
머핀타임,https://assets.redbuttonserver.com/media/gameinfo/머핀타임_대표이미지_측면.jpg
스플렌더 대결,https://assets.redbuttonserver.com/media/gameinfo/대표이미지.jpg
노팅엄의 지방관,https://assets.redbuttonserver.com/media/gameinfo/노팅엄의_지방관_대표이미지_정면.jpg
재치와 눈치,https://assets.redbuttonserver.com/media/gameinfo/재치와눈치_대표이미지_좌상측면.jpg
워드캡처 티키타카,https://assets.redbuttonserver.com/media/gameinfo/대표이미지_DCnO82x.jpg
익스플로딩 키튼,https://assets.redbuttonserver.com/media/gameinfo/익스플로딩_키튼_대표이미지.png
디스크커버,https://assets.redbuttonserver.com/media/gameinfo/대표이미지_정면.png
스트라이크,https://assets.redbuttonserver.com/media/gameinfo/Strike_2021.jpg
언락5,https://assets.redbuttonserver.com/media/gameinfo/대표이미지_정면_JlhWgtT.png
언락6,https://assets.redbuttonserver.com/media/gameinfo/언락6_대표이미지_정면.png
콰르토,https://assets.redbuttonserver.com/media/gameinfo/콰르토_2014_대표이미지.jpg
쿼리도,https://assets.redbuttonserver.com/media/gameinfo/쿼리도_2020_대표이미지.jpg
하이소사이어티,https://assets.redbuttonserver.com/media/gameinfo/하이소사이어티_2022_대표이미지.png
레지스탕스 아발론 : 진행영상,https://assets.redbuttonserver.com/media/gameinfo/아발론_u6SKrBR.png
레지스탕스 아발론 : 호수의여인,https://assets.redbuttonserver.com/media/gameinfo/아발론_kL8xhrX.png
쇼텐토텐 : 전략카드 영상,https://assets.redbuttonserver.com/media/gameinfo/쇼텐토텐_pKSOpvD.png
아그리콜라 : 일반모드,https://assets.redbuttonserver.com/media/gameinfo/아그리콜라_FXNBU08.png
한밤의 늑대인간 : 모든캐릭터,https://assets.redbuttonserver.com/media/gameinfo/v3_한밤의_늑대인간_대표이미지.png
시크릿 히틀러 : 진행영상,https://assets.redbuttonserver.com/media/gameinfo/시크릿히틀러_9w3Yhym.jpg
한밤의늑대인간 : 진행영상-기본캐릭터,https://assets.redbuttonserver.com/media/gameinfo/v3_한밤의늑대인간_기본_진행.jpg
한밤의늑대인간 : 진행영상-추가캐릭터,https://assets.redbuttonserver.com/media/gameinfo/v3_한밤의늑대인간_추가_진행.jpg
한밤의늑대인간 : 진행영상-모든캐릭터,https://assets.redbuttonserver.com/media/gameinfo/v3_한밤의늑대인간_모든_진행.jpg
이용안내 : 영어자막,https://assets.redbuttonserver.com/v3/pa/branch-default.png
