tag_id,tag_name_kor,tag_name_eng,tag_description
0,몸짓,Acting,연기 메커니즘을 채용한 게임에서 플레이어들은 다른 플레이어와 소통하기 위해 마임을 하거나 흉내를 내야합니다.
1,행동 드래프트,Action Drafting,"플레이어들은 공유된 풀 안에 있는 행동 모음 중에서 행동을 선택합니다. 사용 가능한 행동 수는 제한되어 있습니다. 어떤 플레이어가 한 행동을 선택했다면, 그 행동은 다시 선택될 수 없습니다."
2,행동 포인트,Action Points,각 플레이어들은 각자의 차례에 정해진 수의 행동 포인트를 받습니다. 플레이어들은 받은 포인트를 다양한 행동에 사용할 수 있습니다.보드게임 긱에 등재된 게임 중 행동 포인트 시스템을 사용하는 가장 오래된 게임은 Special Train(1948)입니다.
3,행동 대기열,Action Queue,"플레이어들은 행동 순서대로 열을 만들고 그 순서대로 행동을 수행합니다. 대기열은 모든 작업이 순서대로 시행되는 ""집단"" 대기열이거나, 열 끝에 새로운 작업이 주가될 때 첫 번째 행동이 시행되는 ""회전"" 대기열일 수 있습니다. 플레이어들은 각자가 행동 대기열을 가지고 있을 수도 있고, 플레이어 전체가 한 대기열을 공유할 수도 있습니다."
4,추상 전략,Abstract Strategy,추상 전략 게임은 보통 아래와 같은 요소를 포함합니다(항상 그런 것은 아닙니다):- 테마 연관성이 없습니다(스토리가 없습니다)- 간단하고 직관적인 디자인과 메커니즘에 기반합니다.- 게임에 대한 모든 정보는 공개되어 있습니다.- 상대를 이겨 승리를 얻는 게임입니다- 운이나 무작위적 요소가 매우 적거나 거의 없습니다.
5,액션 / 손재주,Action / Dexterity,액션 / 손재주 게임은 전체적인 승리 결정을 위해 플레이어들의 신체 반사신경과 협응력을 겨루게 합니다.
6,모험,Adventure,"모험 게임은 보통 영웅담, 탐험, 퍼즐 풀이 등의 테마를 가지고 있습니다. 이러한 게임들의 스토리에는 보통 환상문학적 요소들이 반영되고, 그러한 등장인물들이 어떤 종류의 모험에 등장하기도 합니다."
7,이성의 시대,Age of Reason,"이성의 시대 게임은 17세기에서 18세기 후반까지의 역사적 상황을 다루는 역사 게임이자전쟁 게임입니다.이성의 시대는 1690년경에 총검이 발명되어 채택되면서 시작되었으며, 1789년 프랑스 혁명과 이어지는 나폴레옹 전쟁으로 끝나게 됩니다."
8,미국 남북 전쟁,American Civil War,남북전쟁 게임은 1861년부터 1865년까지 있었던 미국 남부 주의 분리 독립 전쟁 기간에 있었던 일에 기반한 줄거리를 가지고 있습니다.대부분의 남북 전쟁 게임들은전쟁 게임으로 분류되어 있습니다.
9,미국 인디언 전쟁,American Indian Wars,"미국 인디언 전쟁 게임은 일반적으로 17세기에서 18세기에 있었던 유럽인 권력자, 이주민들과 아메리카 대륙 토착민 사이에 있었던 전투들을 테마로 삼은 게임을 의미합니다. 보통은 18세기에서 19세기에 있었던 미국 연방정부와 토착민들과의 전투 역시 포함합니다."
10,미국 독립 전쟁,American Revolutionary War,미국 독립 전쟁 게임은 1775~1783년 사이에 있었던 미국 독립 전쟁 기간에 있었던 일에 기반한 줄거리를 가지고 있습니다.
11,미국 서부,American West,"미국 서부 게임은 19세기 후반 미국 서부에서 일어난 사건에 기반한 줄거리를 가지고 있습니다. 이 종류 게임에서 등장하는 일부 테마와 이미지들은 카우보이, 보안관, 무법자, 식민화, 철도 등을 다루고 있습니다."
12,고대,Ancient,"고대 게임들은 기원전 3000년(이집트 왕조의 시작)부터 서기 476년(서로마 제국의 멸망) 사이의 고대 시대를 배경으로 한 줄거리를 가지고 있습니다. 이 종류 게임에서 등장하는 일부 테마와 이미지들은 고대 이집트, 그리스, 로마 문명을 다루고 있습니다."
13,동물,Animals,동물 게임들은 주로 중요 테마 또는 게임 플레이에 필요한 구성물로 동물을 포함하고 있습니다. 동물 게임들은 플레이어들에게 동물들을 관리하고 조종할 것을 요구합니다. 플레이어들은 이 종류 게임에서 동물(또는 동물들)의 역할을 맡을 수도 있습니다.
14,아라비안,Arabian,"아라비안 게임들은 중동의 아랍 반도에서 일어난 일들에 기반한 줄거리를 가지고 있습니다. 일반적으로는 페르시안 만 주변 지역도 포함할 수 있습니다. 이 종류 게임에서 등장하는 일부 테마와 이미지들은 사막, 궁전, 낙타, 보석, 오아시스 등을 다루고 있습니다."
15,항공 / 비행,Aviation / Flight,"항공 / 비행 게임들은 주로 비행기, 헬리콥터, 글라이더와 같은 기계를 사용한 비행과 관련이 있습니다."
16,블러핑,Bluffing,블러핑 게임들은 플레이어들이 속임수를 사용하여 각자의 목표를 달성하도록 유도합니다. 모든 블러핑 게임들은 공개되지 않는 정보의 요소를 담고 있습니다.
17,서적,Book,"서적 게임들은 그 자체로는 게임이 아닙니다. 공통적인 게임 구성물(격자 게임판, 종이, 카드, 도미노 타일, 주사위 등등)을 사용하여 즐길 수 있는 규칙과 게임 설계도를 담은 책입니다. 서적 게임들 중에는 'Steve Jackson's Sorcery!' 시리즈같이 게임 구조로 줄거리, 주사위 굴림, ""다중 선택 단락 시스템"" 등을 채용한 게임들도 있습니다."
18,카드 게임,Card Game,"카드 게임은 게임에 카드만 사용하거나, 핵심 구성물이 카드인 게임입니다. 카드게임에는 한 상품에 필요한 모든 카드가 담겨있어 한 번 구매하면 단독으로 게임이 가능한 스탠드-얼론 카드 게임과, 일명 수집형 카드 게임(CCG, Collectable Card Game)이라고 불리는, 플레이어들이 스타터를 구매하고 더 강력한 덱을 만들려고 부스터팩을 추가로 구매하는 게임이 있습니다."
19,어린이 게임,Children's Game,"어린이 게임은 어린이들을 위해 설계된 아주 쉽고 간단한 규칙과 테마를 가지고 있습니다. 그러나, 대부분 유명한 어린이 게임은 모든 연령의 게이머들이 즐겁게 즐길 수 있습니다."
20,도시 건설,City Building,"도시 건설 게임에서는 플레이어들이 효율적이고, 강력하며, 수익이 나는 방식으로 도시를 건설하고 관리해야 합니다."
21,내전,Civil War,"내전 게임은 일반적으로 하나의 나라에 있는 둘 이상의 집단 사이에서 벌어지는, 국가 정부를 차지하기 위한 폭력적인 전투에 기반한 줄거리를 가지고 있습니다. 내전 게임 중 다수는전쟁 게임(Wargame)으로 분류됩니다."
22,문명,Civilization,"문명 게임에서 플레이어들은 인간 사회를 관리하고 발전시킵니다. 각 플레이어의 목표는 보통 사회에 이득이 되는 방향으로 시민을 고용하고, 그들을 진보시켜서 게임 진행의 결과 자신의 문명이 다른 문명에 비해 우월하게 만드는 것입니다. 문명 게임에서 플레이어들은 보통 각자 자신의 사회를 독립적으로 구성하지만, 각 플레이어 사이에서의 전쟁과 외교 등을 통해 자신의 이득을 취하거나 상대방을 괴롭힐 수 있습니다."
23,수집형 게임,Collectible Components,"수집형 게임은 게임 구성물을 한 번에 사는 것이 아닌, 게임을 하기 위해 구매해야하는 구성물이 점점 늘어가는 게임을 말합니다.이런 게임들은 보통 재생산이 불가능하기때문에, 게임 환경이 일시적입니다(계속 바뀝니다). 이들 중 많은 게임의 경우, ""완전판""을 모으는 것이 일종의 취미로서 여겨집니다.대부분의 유명한 수집형 게임들은 ""수집형 카드 게임(Collectable Card Game(CCG))""이거나, ""미니어쳐 게임(Miniature Game)""입니다."
24,만화 / 연재물,Comic Book / Strip,"만화 / 연재물 게임은 만화 / 연재물에 기초한 줄거리와 테마를 가진 게임입니다. 만화 / 연재물 게임은 단독으로 설계되는 경우도 있고, 이전에 출판된 다른 게임에 만화 / 연재물의 배경 등을 입히는 경우도 있습니다(예:히어로클릭스)"
25,추리,Deduction,"추리 게임은 플레이어들이 가능성 있는 전제들에 기반하여 결론을 이끌어내도록 하는 게임입니다. 추리 게임은 각각 서로 다른 방식의 논리적 추론 방식을 사용하기 때문에, 그 종류가 매우 다양합니다.스코틀랜드 야드와 같은 '고양이와 쥐' 게임에서 플레이어들은 관찰과 그를 통해 돌아오는 피드백(이는 반드시 진실입니다)을 활용하여 가능성을 점점 좁혀가고, 계속 움직이고 있는 상대방을 알맞은 위치에서 잡게 됩니다.클루와 같은 소거형 추리 게임에서 플레이어들은 전체 목록 중에서 가능성을 점점 좁혀나가는 방식으로 올바른 답을 찾게 됩니다.Werewolf게임과 같은 신호 게임은 플레이어들끼리 주로 받는 피드백(이는 진실이 아닐 수도 있습니다)을 통해 2~3가지 주요 선택 중에 결론을 찾아내는 방식으로 진행됩니다. 마지막으로,Zendo와 같이 무한한 가능성에서 플레이어들이 일반 규칙을 끌어내는 방식의 귀납법적 게임도 여기에 포함됩니다."
26,주사위,Dice,"주사위 게임은 게임에 주사위만 사용하거나, 핵심 구성물이 주사위인 게임입니다. 주사위 게임은 전통적으로 대부분 오직 주사위 굴림 메커니즘을 채용합니다(예시:요트 다이스,페루도,캔트 스탑등)"
27,경제,Economic,"경제 게임에서 플레이어들은 상품의 생산, 분배, 거래, 소비 시스템을 관리합니다. 경제 게임들은 어떤 방법으로 시장 경제를 구현합니다. 이 용어는 자원 관리 게임과 상호 호환하여 쓰입니다."
28,교육,Educational,"교육 게임들은 보통 특정 주제에 대해 가르치거나, 어떤 개념을 확대하거나, 발달 과정을 강화하거나, 역사적 사건 또는 문화를 이해하게 하거나, 어떠한 기술을 익히는 것을 돕기 위한 목적으로 설계됩니다."
29,전자기기,Electronic,전자기기 게임은 전자기기를 게임의 핵심 구성물로 사용하는 게임을 말합니다. 전기도구 게임(예:오퍼레이션)과는 조금 다릅니다. 전자기기 게임의 구성물은 보통 전기 회로망과 때로는 소형 컴퓨터를 포함하고 있기 때문입니다.
30,환경,Environmental,환경 게임은 환경보호와 관리를 줄거리와 테마에 포함한 게임을 말합니다.
31,확장 게임,Expansion for Base-game,"확장 게임은 원래의 기본판 게임을 확장하는 규칙과 추가 구성물들을 포함한 게임을 말합니다. 확장 게임만으로는 게임을 할 수 없습니다. 확장 게임은 기본판 게임과 연결하여 사용해야 합니다.기본판 게임과 연결되는 확장 게임들은 보드게임긱(boardgamegeek.com)의 게임 목록을 통해서 찾아보실 수 있습니다. ""Information"" 부분의 "" ""Expanded by""에서 찾아보실 수 있습니다. 또한 ""Linked Item"" 부분에서도 찾아보실 수 있습니다."
32,탐험,Exploration,탐험 게임에서 플레이어들은 새로운 지역과 영토를 탐색하고 특별한 물건이나 상품을 발견합니다. 때로는 교환 상대가 될 사람을 찾아야하기도 합니다.
33,팬 확장,Fan Expansion,"팬 확장은 기본판 게임을 설계한 디자이너나 출판사가 아닌 다른 사람에 의해 설계된 확장 게임을 지칭하는 보드게임 긱의 명칭입니다. 다른 말로는 ""비공식 확장""이라고도 합니다.게임 제목에 ""팬 확장""이라고 붙이는 관습으로부터 생긴 단어입니다.도미니언에 감명을 받은 사람들이 진행한 비허가 작업과 공식 상품 라인업과 혼동되었기 때문입니다."
34,판타지,Fantasy,"판타지 게임은 가상 세계에 존재하는 시나리오나 테마를 기반으로 한 게임입니다. 보통 구성이나 테마, 세계관 등에 마법이나 다른 초자연적인 형태를 사용하는 장르를 말합니다. 판타지는 보통 과학이나 섬뜩한 주제를 다루지 않는다는 기대로 인해 공상 과학이나 공포 장르와는 구분되지만, 이 세 가지 주제들은 겹치는 경우가 많습니다.판타지 게임의 요소들은 보통 아래 내용을 담는 경우가 많습니다:a - 판타지 서적이나 만화에서 흔히 언급되는 생물들: 오크, 트롤, 고블린, 드래곤 등b - 기구나 기술로서 사용할 수 있는 마법c - 선과 악의 세력 사이에서 벌어지는 투쟁을 포함할 수 있습니다."
35,농사,Farming,"농사 게임에서 플레이어들은 농지를 건설하고 경영합니다. 농지에서는 작물을 심거나 가축을 기르고, 종종 이들을 팔거나 교환하기도 합니다."
36,전투,Fighting,전투 게임에서 플레이어들은 캐릭터를 조종하여 좁은 공간에서의 육박전을 벌입니다.
37,게임 시스템,Game System,"게임 시스템은 그 자체가 게임은 아니지만, 게임을 하는데 사용되는 항목입니다.Piecepack,Decktet,Shibumi,GEMJI,ChestegoandRainbow Deck같은 것이 그 예입니다."
38,공포,Horror,공포 게임은 소름끼치고 초자연적인 요소들을 묘사하는 테마나 이미지에 기반한 게임을 말합니다.
39,유머,Humor,"유머 게임은 큰 웃음을 유발하는 테마나 게임 진행을 포함한 게임들을 말합니다. 좀 더 자세하게는, 유머 게임은 플레이어들이 게임의 주요 목적 중 하나로 웃긴 짓, 코미디, 농담, 풍자에 참여하도록 만듭니다."
40,산업 / 제조,Industry / Manufacturing,산업 / 제조 게임에서 플레이어들은 원자재를 상품으로 제조하기 위한 도구나 기계들을 만들고 관리하며 작동시킵니다.대부분의 유명한 산업 / 제조 게임의 다수는경제게임입니다.
41,한국 전쟁,Korean War,한국 전쟁 게임은 1950년부터 1953년까지 있었던 남한과 북한(그리고 그 동맹국들) 사이의 군사적 분쟁을 기반으로 한 게임입니다.대부분의 한국 전쟁 게임은전쟁 게임으로 분류되어 있습니다.
42,마피아,Mafia,"마피아 게임은 전통적인 시칠리아 범죄 조직과 관련된 테마와 시나리오를 기반으로 합니다. 그러나, 마피아 게임 중 일부는 다른 범죄 조직과 관련되어 있기도 합니다."
43,수학,Math,"수학 게임에서 플레이어들은 너무 명확하게도, 게임의 목적을 달성하기 위해 수학적 지식과 개념을 사용해야 합니다."
44,성인,Mature / Adult,"성인 게임은 어린 게이머들에게는 적합하지 않고, 일부 성인들에게도 거슬릴 만한 유머나 상황을 다루는 게임입니다. 이들 중 상당수는 성적인 유머나 음주와 관련된 내용을 포함하고 있습니다."
45,미로,Maze,미로 게임에서 플레이어들은 게임판에 그려진 일련의 경로를 탐색해야 합니다.
46,의학,Medical,"의학 게임은 자연 치유학과 관련된 테마를 가지고 있습니다. 이러한 테마에는 수술, 치료제, 재활, 회복, 물리치료, 정신의학, 제약 및 처방, 그리고 다른 의학 관련된 항목들이 포함됩니다."
47,중세,Medieval,"중세 게임은 약 5세기(서기 476년, 서로마 제국 멸망)에서 15세기(1492년, 콜럼버스 아메리카 대륙 도달로 시작된 유럽 국가의 식민지화) 사이의 유럽과 아시아 사회를 기반으로 한 테마를 가지고 있습니다."
48,기억력,Memory,기억력 게임에서 플레이어들은 게임의 목적으로서 게임 내 이전 차례에서 일어났던 사건이나 정보를 유지하고 되돌이켜야 합니다.
49,미니어처,Miniatures,"구성물에 미니어처(*작게 축소된 모형, 주로 게임말 등이 미니어처로 표현 됨)가 포함돼 있는 모든 게임이 미니어처 게임인 것은 아닙니다.미니어처 게임은 '게임 장면'을 표현하는데 미니어처를 사용하는 게임들을 말합니다. 이러한 게임에서 미니어처는 핵심 구성물이고, 미니어처의 주변에 일어나는 일들을 체험하는 것이 플레이의 주요 요소입니다."
50,현대전,Modern Warfare,"현대전 게임은 2차 세계대전 이후 일어났던 군사적 분쟁에 대해서 다룹니다(1945년부터 현재까지). 이 시기에 일어난 두 전쟁은 각자 자신만의 카테고리를 가지고 있습니다:한국 전쟁(1950 ~ 1953년),베트남 전쟁(1945 ~ 75년)."
51,영화 / TV / 라디오 테마,Movies / TV / Radio theme,"영화 / TV / 라디오 테마 게임들 중에는 테마적으로 유명한 영화나 TV 프로그램, 또는 라디오 프로그램과 연관되어 있는 게임들이 있습니다. 이와 다른 종류의 영화 / TV / 라디오 게임들은 이러한 미디어에 대한 지식을 요구하는 게임들도 있습니다. 또는 게임 환경이 영화 / TV / 라디오 산업과 관련이 있는 게임들도 영화 / TV / 라디오 게임으로 분류됩니다."
52,살인 / 미스터리,Murder/Mystery,살인 / 미스터리 게임은 해결되지 않은 살인 사건이나 잡히지 않은 살인자가 등장하는 게임입니다. 이 게임들은 보통 플레이어에게 이 범죄들을 조사하고 상세한 범죄 내용과 가해자를 밝혀내도록 합니다.
53,음악,Music,"음악 게임들은 테마적으로 음악이나 악단, 또는 음악 산업과 관련된 게임들입니다. 많은 음악 게임들이 플레이어에게 음악에 대한 지식을 묻는데(Cranium Pop 5,Encore), 일부 게임들은 게임의 배경에 테마로서 음악을 사용하기도 합니다(Schrille Stille,Battle of the Bands)."
54,신화,Mythology,"신화 게임은 보통 게임에 등장하는 세계나 인물들이 어떻게 탄생했는지, 특히 그들이 세계의 고대 문명 서사와 어떤 관련이 있고, 고대 문명 서사에 어떤 기반을 두었는지에 대한 테마적 서사를 포함하고 있습니다."
55,나폴레옹 시대,Napoleonic,나폴레옹 시대 게임은 프랑스 혁명(1789-1799)에서 나폴레옹 전쟁(1803-1815) 사이 시대에 기반한 줄거리를 다룹니다.
56,해상,Nautical,"해상 게임은 게임 진행 또는 테마의 중요 구성물로서 선원, 배, 해양 항해 등을 활용합니다. 대부분의 해상 게임에서 플레이어들은 게임 목표로서 효과적으로 배를 조종해야 합니다."
57,협상,Negotiation,"협상 게임들은 다른 플레이어들과 거래를 하거나 동맹을 맺고, 적절할 때 배신하는 것을 장려합니다. 이러한 거래에 참여하지 않고 승리할 수 있는 경우는 매우 드뭅니다.협력 게임(Cooperative Game)과는 다르게, 협상 게임들은 대부분 경쟁적이며, 토론을 통해 플레이어들이 서로 합의할 수 있는 일정한 시간을 줍니다."
58,소설 기반 게임,Novel-based,소설 기반 게임들은 유명한 소설이나 소설 시리즈와 테마적으로 연관되어 있습니다.
59,숫자,Number,숫자 게임에서 플레이어들은 목표를 달성하기 위해 숫자를 사용하거나 변용해야 합니다.
60,파티 게임,Party Game,"파티 게임들은 집단적 상호작용을 독려하는 게임들입니다. 이러한 게임들은 보통 쉽게 게임을 준비할 수 있고 규칙이 간단하며, 많은 사람들이 참여할 수 있고 게임 시간이 짧습니다."
61,창과 총,Pike and Shot,"창과 총 게임들은 16세기에서 17세기, 18세기 초까지를 기반으로 한전쟁 게임입니다."
62,해적,Pirates,"해적 게임들은 해적질에 대한 테마와 줄거리를 가지고 있습니다. 해적 게임에 등장하는 대부분의 유명한 테마와 이미지 중 일부는 보물 사냥, 해상 약탈, 검과 대포, 액션 활극, 그리고 선박 경주 등을 포함하고 있습니다. 많은 해적 게임들은 20세기 이전의 시대를 배경으로 합니다."
63,정치,Political,정치 게임에서 플레이어들은 캐릭터의 권위를 이용하여 사회 활동과 정책을 조절해야 합니다.
64,나폴레옹 시대 이후,Post-Napoleonic,나폴레옹 시대 이후 게임은 19세기 대부분에 해당하는 나폴레옹 전쟁(1815)과 1차 세계대전(1914) 사이 시기를 기반으로 합니다.
65,선사시대,Prehistoric,"선사시대 게임들은 역사가 기록되기 전 시대의 줄거리를 다룹니다. 이러한 기록되지 않은 역사들은 보통 시대에 따라 분류되는데, 석기 시대, 청동기 시대, 철기 시대가 그것입니다."
66,출력 가능 게임,Print & Play,"출력 가능 게임(또는 일반적인 게임들의 출력 가능 버전)은 물리적인 형태로 출시되지 않습니다. 대신, 게임의 규칙과 (대부분의) 구성물은 디지털 형태로 사용 가능하고, 플레이어들은 이를 출력해서 스스로 조립해야 합니다. 때로는, 출력이 불가능한 형태의 추가적인 구성물을 요구하기도 합니다."
67,퍼즐,Puzzle,"퍼즐 게임은 플레이어들이 퍼즐을 풀어야 하는 게임입니다. 퍼즐 게임에서 플레이어들은 목표에 도달하기 위해 퍼즐 문제를 해결하고, 패턴을 인식하고, 순서를 조직해야 합니다."
68,레이싱,Racing,"레이싱 게임의 목적은 장애물을 피해 운행하고 조종해서, 보통은 상대방보다 더 빠른 스피드나 훌륭한 조종을 통해 목적지에 먼저 도착하는 것입니다."
69,실시간,Real-time,"실시간 게임에서, 플레이어들은 가능한 한 빨리 차례를 수행해야 하며, 때로는 동시에 차례를 진행합니다. 일부 실시간 게임에서 정해진 시간 내에 해야 할 일을 못한 플레이어는 벌칙을 받기도 합니다."
70,종교,Religious,"종교 테마 보드게임들은 현재 세계의 신앙 체계와 관련된 서사와 환경, 인물들을 특징으로 하는데, 보통 이들의 역사적인 면과 시대의 흐름에 따른 발전에 대해 다루거나, 신성한 경전과 교리 조항과 같은 신앙의 실제적 대상에 대해서 다룹니다.종교 게임으로 분류된 몇몇 보드게임들은 경전에서 따온 특정 환경이나 이야기를 직접 호칭하기도 하는데, 가나안 땅에 고대 히브리인들이 정착하는 히브리 성경 이야기를 다루는The Settlers of Canaan의 경우가 그 예입니다. 다른 종교 게임 중에서는Bible Trivia같이 성경의 문구를 직접 인용하는 경우도 있습니다. 또는Credo!: the Game of Dueling Dogmas나Intelligent Design vs. Evolution같이 재미있게 기독교 신앙의 일면을 탐험하려는 시도도 있습니다."
71,르네상스,Renaissance,"르네상스 게임들은 14세기 말(이탈리아에서 르네상스가 발호했을 때)부터 16세기 근처까지, '화기'가 아직 전장을 지배하기 전의 시대를 다룹니다."
72,SF,Science Fiction,"SF 게임은 지금보다 더 진보된 과학기술에 대한 상상에 뿌리를 둔 게임입니다. 진보된 과학기술이라고 해서 반드시 미래가 배경인 것은 아니며, 일부는 과거를 배경으로 일종의 대체역사를 다루기도 합니다. (쥘 베른의 일부 작품이나, 스타 워즈 시리즈가 이런 종류에 속합니다.) 인기있는 SF 게임은 우주 공간을 배경으로 삼은 경우가 다수이며, 개중에는 외계 종족이 등장하는 경우도 종종 있습니다."
73,우주 탐험,Space Exploration,우주 탐험 게임은 보통 외계 공간을 여행하고 모험하는 것과 관련된 줄거리와 테마를 가지고 있습니다. 종종 플레이어들은 게임의 목적으로 자원과 영토를 찾아 얻어야 합니다.
74,스파이 / 비밀 요원,Spies/Secret Agents,"스파이 / 비밀 요원 게임은 스파이 행위와 관련된 테마와 줄거리를 가지고 있습니다. 종종 플레이어들은 스파이 또는 비밀 요원 역할을 맡은 다른 플레이어의 정체를 밝혀내거나, 그들이 가진 비밀 정보를 밝혀내야 합니다. 대부분의 유명한 스파이 / 비밀 요원 게임의 상당수는블러핑또는추리게임으로 분류되는데, 이는 그들에게 비밀 정보의 요소가 있기 때문입니다."
75,스포츠,Sports,"스포츠 게임은 스포츠의 물리적 활동과 관련된 테마와 줄거리를 가지고 있습니다. 가장 인기있는 스포츠 게임에 주로 등장하는 스포츠 종목은, 축구와 레이싱(차, 보트, 자전거, 말)입니다."
76,영토 건설,Territory Building,"영토 건설 게임에서 플레이어들은 특정 지역에 대한 통제권을 설정 또는 확보해야 합니다. 때로 이런 게임에서지역 우선권 / 영향력또는감싸기메커니즘을 채용합니다. 후자의 경우 게임 초반에는 영역이 설정되지 않고, 게임이 진행됨에 따라 만들어집니다."
77,기차,Trains,기차 게임은 철도와 철로를 이용하는 탑승물의 테마나 이미지를 사용합니다. 대부분의 유명한 철도 게임 중 상당수는 19세기 후반에서 20세기 초반 시대를 기반으로 합니다(Lunar Rails와 같은 일부 게임은 미래 시대를 기반으로 하는 경우도 있습니다).
78,운송,Transportation,운송 게임은 한 장소에서 다른 장소로 사람 또는 물건을 옮기는 행위와 관련된 게임 진행 방식을 가지고 있습니다. 대부분의 유명한 운송 게임 중 상당수는기차게임입니다.
79,여행,Travel,"여행 게임은 서로 다른 지리적 장소 사이를 이동하는 것을 목적으로 한 게임 진행 방식을 가지고 있습니다. 보통, 여행 게임의 게임판에는 주로 지도가 그려져 있습니다."
80,트리비아,Trivia,트리비아 게임은 보통 플레이어들의 일반 상식이나 대중 문화에 대한 지식을 시험합니다.
81,비디오 게임 테마,Video Game Theme,"비디오 게임 테마 게임은 테마적으로 비디오 게임과 관련되어 있거나, 비디오 게임 프랜차이즈 또는 장르에서 영감을 받은 게임을 의미합니다. 이 테마에 기반하여 만들어진 초기 게임으로PAC-MAN Game과Frogger가 있습니다."
82,베트남 전쟁,Vietnam War,"베트남 전쟁 게임은 1945년부터 1975년까지 있었던 인도차이나 반도(베트남, 캄보디아, 라오스)에서의 군사 작전을 기반으로 한 게임입니다.참고: 인도차이나 전쟁(1945-64) - 프랑스와 그 동맹과 베트민과 그 동맹 사이에 있었던 전쟁. 베트남 전쟁(1965-75) - 미국과 그 동맹과 북베트남과 그 동맹 사이에 있었던 전쟁대부분의 베트남 전쟁 게임은전쟁 게임으로 분류됩니다."
83,전쟁 게임,Wargame,"전쟁 게임은 고대 전쟁부터 현대전, 미래 전쟁까지 다양한 시대의 전쟁을 다루는 게임입니다. 게임에 따라서 아주 작은 게임판에서 벌어지는 소규모 유닛의 전투, 넓은 공간에서 아주 세부적으로 묘사되는 전쟁, 전 세계적인 규모의 전쟁 등 다양한 방식으로 전쟁이 묘사됩니다. 많은 전쟁 게임들이 실제 역사적 사건을 배경으로 만들어지지만, 실제 역사에서 일어나지 않은 가상의 전쟁을 배경으로 삼기도 하며 판타지나 SF 요소에 뿌리를 둔 게임도 있습니다. 가장 자주 쓰이는 소재는 2차 세계 대전이고, 나폴레옹 전쟁과 미국 남북 전쟁 등이 그 뒤를 잇습니다. 물론 이외에도 굉장히 많은 사건들이 전쟁 게임의 소재로 다뤄지기 때문에, 여러분이 어떤 전쟁에 관심이 있건 높은 확률로 그와 관련된 게임을 찾아낼 수 있을 겁니다."
84,단어 게임,Word Game,단어 게임에서 플레이어들은 언어에 대한 지식을 경쟁적으로 활용해야 합니다. 단어 게임에서의 언어 지식은 철자법과 의미에 초점을 맞춥니다.
85,1차 세계 대전,World War I,1차 세계 대전 게임은 1914년부터 1918년까지 있었던 군사 작전을 다룹니다.
86,2차 세계 대전,World War II,"2차 세계 대전 게임은 1939년부터 1945년까지 유럽, 아시아, 아프리카에서 있었던 다양한 군사 작전을 기반으로 한 줄거리를 가지고 있습니다."
87,좀비,Zombies,"좀비 게임은 움직이는 시체와 관련된 테마와 이미지를 포함하고 있습니다. 좀비게임에서 가장 유명한 줄거리 일부는 종말론적 테마와 공포, 전투 테마를 포함하고 있습니다."
88,행동 회수,Action Retrieval,"각 플레이어들은 사용 가능한 행동 모음을 가지고 있습니다. 이는 카드나 토큰, 또는 다른 방법으로 표현됩니다. 한번 행동을 시행하고 난 후, 해당 행동은 소모되며 회수하기 전까지는 다시 시행할 수 없습니다. 행동 회수는 보통 그 자체로 행동이거나, 차례 대신 사용할 수 있습니다."
89,행동 타이머,Action Timer,"플레이어들은 각자 소유한 타이머를 행동 칸에 놓고, 행동을 수행합니다. 타이머가 끝났을 때, 다른 위치로 이동하여 행동을 수행할 수 있습니다. 이 메커니즘을 채용한 게임에는 차례가 없습니다. 자신의 타이머가 만료된 후 언제든 타이머를 움직일 수 있습니다."
90,행동 / 사건,Action / Event,"각자의 차례에 플레이어들은 행동 포인트와 사건이 같이 표시된 카드를 사용합니다. 카드를 사용한 플레이어는 행동 포인트를 사용할지 사건을 시행할지 결정해야 합니다. 행동 포인트를 사용하기를 선택하면, 보통 사건은 다른 플레이어에게 일어납니다."
91,이익 토큰,Advantage Token,"한 플레이어는 특별한 행동을 수행하거나 행동을 수정할 수 있게 하는 토큰을 가지고 있습니다. 한 번 사용하면, 그 토큰을 다른 플레이어에게 넘깁니다."
92,동맹,Alliances,플레이어들은 게임 진행 중 바꿀수 있는 공식적인 관계를 가집니다.
93,지역 우선권 / 영향력,Area Majority / Influence,여러 플레이어들이 특정 지역을 소유하고 해당 지역에 있는 자신의 비례 영향력에 기반하여 이득을 얻을 수 있습니다.
94,지역 이동,Area Movement,"게임판이 반복 영역과 반복되지 않는 영역, 규칙적인 영역과 불규칙적인 간격으로 나뉘어 인접성과 이동을 결정합니다."
95,지역 내 충돌,Area-Impulse,"한 차례 안에 충돌이 벌어지면, 그 차례는 플레이어들이 반복적으로 주고 받는 더 작은 차례로 나누어집니다.이 작은 차례들은 관련된 모든 플레이어가 패스할 때까지 반복해서 진행됩니다(어떤 경우에는 차례 종료 주사위 굴림으로 인해 한 명 이상의 플레이어가 아직 할 거리가 남았는 데도 충돌이 끝나버리기도 합니다).이러한 충돌 속에서, 여러 유닛들은 소진되기 전까지 특정한 그룹 단위로 활성화되고 행동합니다.하지만, ""리더""로부터 반경 내에 있는 유닛들이 한 그룹으로 묶여 활성화되는 것이 아니라, 특정 ""지역""에 있는 유닛 단위로 활성화됩니다. (따라서 이러한 충돌 시스템을 적용하기 위해서는 단순한 육각형 지형이 아닌 정해진 ""지역""이 필요합니다. )이때, ""지역""은 한 충돌에서 활성화되는 유닛의 범위를 정의하기 위해 존재하는 개념입니다. (또한 그 충돌 내에서 어떠한 공격 및 이동이 가능하고 불가능한지를 제한하는 역할도 합니다.)그러므로, 충돌이 벌어질 때, (전통적으로 사용되어 왔던) 내 유닛 다 쓴 다음에 네 유닛 다 쓰는 방식 대신에, 각 플레이어마다 그 플레이어의 유닛들로 이루어진 각 그룹별로 한 번씩 번갈아가며 활성화됩니다.마지막으로, 다음 턴의 충돌이 시작되기 전에, 소진된 유닛들은 초기화되어 활동할 수 있는 권리를 다시 획득합니다."
96,경매 / 입찰,Auction / Bidding,"이 메커니즘 게임에서 플레이어들은 게임 내에서 자신의 위치를 강화하기 위해, 상품 경매에서 나온 물품에 대해 보통 (게임) 화폐를 통해 입찰합니다. 이러한 상품들은 플레이어들이 미래에 할 행동이나 현재 위치를 강화하는데 사용됩니다. 경매는 주어진 항목에 대해 한 명의 승자가 등장할 때까지 입찰을 차례대로 주고 받은 다음 승자에게 해당 물품의 조종권을 주는 것으로 구성됩니다. 보통, 이런 게임에는 어떤 플레이어도 현재 가격에 관심을 갖지 않는 물품이 있을 경우 그 물품의 가격을 떨어뜨리는 규칙이 있습니다. 대부분의 게임에서 한 물품에 대한 승자가 탄생했고, 입찰할 물품이 추가로 있는 경우, 다른 아이템들에 대한 추가적인 경매가 시행됩니다. 이 과정을 경매 단계 내에서 어떤 종료 조건이 발동되거나, 모든 물품이 고갈될 때까지 반복합니다. 이는 일꾼 놓기 게임과 유사합니다. 그러나 이 메커니즘에서는 일꾼이 더 높은 입찰에 의해 쫓겨날 수 있습니다."
97,경매 : 손재주,Auction : Dexterity,"손재주 경매 게임에서 유효한 입찰을 제시하려면 특정한 손재주 행위를 수행해야 합니다. 보통 어떤 유효한 입찰 지역에 입찰 마커 자체를 배치하지만, 이를 구현하기 위한 다른 방법이 사용될 수도 있습니다."
98,경매 : 네덜란드식,Auction : Dutch,"동시다발적인 단일 입찰제로, 시작 가격은 매우 높은 가격으로 시작해서 경매 참가자나 다른 조정 메커니즘에 의해 점점 가격이 줄어들다가, 누군가가 현재 가격에 합의를 선언할 때까지 진행하고, 경매가 종료됩니다. 현재 가격을 받아들인 최초 입찰자가 경매의 승자가 됩니다. 동점자는 없습니다. 네덜란드식 경매는 1회 입찰 경매로도 불립니다. 첫 입찰이 해당 경매의 유일한 입찰이 되기 때문입니다."
99,경매 : 네덜란드식 우선권,Auction : Dutch Priority,"네덜란드식 우선권 경매는 다중 입찰 경매로, 경매에 올라간 품목의 수에 따라 품목의 가격이 결정되는 경매입니다. 경매에서 승리한 입찰자는 선 플레이어로, 현재 그곳에 놓인 입찰 토큰의 숫자와 동일한 현재 가격을 지불할 것인지 결정할 수 있는 우선권을 가집니다. 우선권은 다양한 요인에 따라 결정되는데, 일반적인 차례 순서에 따라 결정되거나, 각 품목별 별도 차례순서에 따라 결정될 수 있습니다. 플레이어들은 자신이 우선 입찰자일때, 보통 입찰 토큰의 수를 줄이기 위해 차례를 넘길 수도 있습니다. 이는 한 품목에 대한 가격을 낮추는 효과가 있습니다."
100,경매 : 영국식,Auction : English,"경매인은 일정 양의 입찰 금액을 요구하고 참가자들은 패들이나 손을 들어 해당 금액을 입찰함으로써 자신의 의지를 표현합니다. 플레이어들은 금액을 올려 입찰할 수 있고, 보통 자신의 실제 입찰 금액을 크게 소리높여 부름으로써 이를 표현합니다. 이 과정은 순서 없이 진행되고, 보통 경매인이 요구한 금액보다 소액을 높이거나, 훨씬 큰 금액을 부름으로써 진행됩니다. 어느 정도 금액에 도달해 일정 시간동안 인상이 없거나, 누구도 더 부를 사람이 없는 것이 명확한 경우, 경매인이 가장 높은 금액을 부른 플레이어를 승자로 선언하면서 경매가 끝납니다."
101,경매 : 고정 위치,Auction : Fixed Placement,"고정 위치 경매는 플레이어들이 어떤 물품에 입찰할 수 있는지에 대한 규칙을 만들고 판 또는 카드로 이를 표현함으로써 다중 입찰 경매를 변형한 상위 메커니즘입니다. 이 방식은 또한 한정 금액 경매와 종종 결합됩니다. 고정 위치 경매는 모든 플레이어가 패스하거나, 어떤 플레이어도 더 이상 입찰할 수 있는 권한이 없을 때 끝납니다. 가장 높게 입찰한 사람이 물품을 얻습니다."
102,경매 : 한 바퀴,Auction : Once Around,"플레이어들은 한 번의 입찰 기회가 있습니다. 이 때 패스하거나, 이전 입찰보다 더 높은 가격을 부릅니다. 입찰 순서는 차례 순서 구조에 따라서 결정됩니다. 마지막 플레이어까지 입찰 기회를 가진 후, 가장 높은 금액을 부른 사람이 승리합니다.이 방식은 경매를 매우 짧게 해주지만(경매를 게임에 포함하는 것은 보통 게임 시간을 길게 만들기 때문에 위험합니다), 경매에서 승리하려면 얼마가 필요한지 알 수 있기 때문에 마지막 플레이어가 입찰에 매우 유리합니다. 따라서 디자이너는 필연적으로 밸런스에 신경을 많이 써야합니다."
103,경매 : 비밀 입찰,Auction : Sealed Bid,플레이어들은 비밀리에 경매에 입찰합니다. 모든 입찰금액은 동시에 공개됩니다. 가장 높은 금액을 입찰한 사람이 승리합니다.
104,경매 : 입찰 포기 전까지 차례 순서대로 입찰,Auction : Turn Order Until Pass,"한 플레이어부터 시작해 차례 순서대로, 플레이어들은 돌아가며 현재 입찰가보다 더 높은 금액을 부르거나 입찰을 포기합니다. 한 플레이어를 제외한 모두가 입찰에 포기하면, 마지막으로 남은 그 한 사람이 이번 경매의 승자가 됩니다."
105,자동적인 자원 증가,Automatic Resource Growth,자원이 자동으로 증가하는 메커니즘은 게임 내의 특정한 조건 및 게임 상태에 따라 발동됩니다(무작위가 아닙니다).
106,베팅과 블러핑,Betting and Bluffing,"[카드를 더 우수한 조합으로 나누어 받거나, 주사위를 굴려 더 높은 숫자가 나오는 등]의 무작위적인 결과에 기반한 게임에서, 다른 모든 사람이 건 판돈을 딸 기회(참여권)를 얻기 위해, 플레이어들은 자금이나 자원을 자신의 판돈으로 겁니다. 플레이어들은 통상적으로 전체 게임 상태에 대한 부분적인 정보만을 가지고 있으며, ""블러프""라고 불리는 행위를 할 수 있습니다. ""블러프""란, 실제 자신이 가진 지위/도구를 부풀려서 마치 더 높은 지위/도구를 가진 것처럼 (게임 내 행동을 통해) 다른 사람에게 보여주는 행위입니다. 그 외에도, 플레이어들은 그 시합에서 ""폴드""하거나, 빠질 수 있습니다. 이렇게 할 경우, 그는 지금껏 자신이 걸어둔 판돈까지만 잃는 것으로 손실을 제한할 수 있습니다."
107,편향,Bias,"구성물이 한 방향을 따라 자동으로 이동하는 메커니즘, 또는 특정 방향으로 이동하는 것이 다른 방향보다 더 용이한 메커니즘.대개 바람(Yacht Race), 해류(Primordial Soup), 중력(Demon's Run), 컨베이어 벨트(RoboRally) 등의 환경적 요소들을 표현하는데 사용됩니다."
108,빙고,Bingo,"물품들이 무작위로 선정되며, 각 플레이어들은 자기 고유 게임판에 사용하기 위해 그 물품들을 필요로 합니다."
109,뇌물,Bribery,플레이어들은 다른 플레이어들로 하여금 특별한 행동을 수행하게 만들기 위해 뇌물을 제안합니다.
110,캠페인 / 전투 카드 드리븐,Campaign / Battle Card Driven,"캠페인/전투 카드 드리븐은 워게임 계에서 비교적 최근에 개발된 메커니즘으로, 각 플레이어가 가진 카드를 통해 플레이어가 행동을 수행합니다. 기본적으로는 행동을 한 번 수행할 때 카드를 한 장 사용하는 식입니다. 전투의 결과를 결정하기 위해 카드를 사용하는 게임들은 이 메커니즘을 사용한 것이 아니며, 오히려 ""카드 사용식 분쟁 해결"" 메커니즘에 가깝습니다."
111,공개 드래프트,Card Drafting,"공개 드래프트란, 플레이어들이 즉각적/장기적 관점에서 이득을 보거나, 게임 내 목적 달성을 위한 특정 조합을 모으기 위해 공용 공급처에서 카드/타일/자원/주사위 등을 집어오는 게임에서 사용되는 메커니즘입니다."
112,카드 사용식 분쟁 해결,Card Play Conflict Resolution,"각 플레이어는 동시에, 또는 연속적으로 1장 이상의 카드를 사용합니다. 이로 인해 분쟁의 기본 결과가 수정되며, 다양한 특수 능력이 사용될 수 있습니다."
113,일등 따라잡기,Catch the Leader,본 게임 시스템은 뒤처진 플레이어에게 혜택을 주거나 앞서가는 플레이어에게 불이익을 줍니다.
114,연쇄,Chaining,기물 자체는 움직이지 않으나 (기존에 놓은 기물을 발판으로) 연쇄적으로 놓입니다. 이러한 방식은 기물이 움직이지 않음에도 불구하고 게임에 역동성을 부여합니다.
115,치트 뽑기 시스템,Chit-Pull System,"주로 워게임에서 전장에서 동시에 벌어지는 일들을 시뮬레이션하고 지휘 및 통제라는 문제를 구현하기 위한 수단으로 사용됩니다. 이러한 시스템에서는 활성 플레이어가 무작위로 ""치트(Chit : 조그만 종이 카운터의 일종)""를 뽑아서 현재 어떤 유닛 집단이 이동할 수 있는지 결정합니다. 이러한 시스템 하에서 활용되는 주요 기믹으로는 특정 리더가 지휘하는 아무 유닛 이동하기, 특정 훈련도의 유닛 이동하기, 유닛을 이동 대신 전투 목적으로 활성화하기 등이 있습니다."
116,닫힌 경제 방식 경매,Closed Economy Auction,"""닫힌 경제""는 어떤 경매 유형에도 적용될 수 있는 메타-메커니즘입니다. 닫힌 경제 방식 경매에서는 경매에서 지불된 모든 금액이 경매 참가자들에게 환원됩니다."
117,명령 카드,Command Cards,플레이어는 손에 든 명령 카드들을 써서 자신의 유닛 중 일부를 활성화하고 행동을 수행하게끔 할 수 있습니다.
118,상품 투기,Commodity Speculation,"투자 메커니즘의 하위 분류로서, 플레이어가 다양한 종류의 상품을 다양한 수량으로 사고 팔 수 있으며 그 가치가 게임 도중 변화하는 것을 가리킵니다."
119,의사소통 제한,Communication Limits,"어떤 게임들은 플레이어들이 서로 자유롭게 의사소통하지 못하게끔 제약을 둡니다. 이러한 제약의 유형에는 특정 종류의 정보를 절대로 공유하지 못하게끔 하는 것도 있고, 특정 유형의 의사소통 방식(예를 들어 말하기)을 금지하는 것도 있습니다."
120,Not Found,Not Found,Not Found
121,연결,Connections,"플레이어들에게는 게임 보드 위의 여러 지점들을 서로 연결하는 목표가 주어집니다. 두 지점을 연결하는 중간 구성물들(주로 ""길""로 표현되곤 하는)의 집합을 하나의 세트로 간주한다면, 본질적으로 이는 Set collection 메커니즘의 일종으로 볼 수 있습니다."
122,강제 입찰,Constrained Bidding,"""강제 입찰""은 다른 경매 유형에 적용될 수 있는 메타-메커니즘입니다. 이 방식에서는 플레이어가 원하는 금액으로 자유롭게 입찰을 할 수 없습니다. 이러한 유형에는 플레이어가 더 높은 금액을 불러야만 하거나, 특정 조합으로 주어진 자원으로만 입찰해야 하는 등이 있습니다."
123,계약,Contracts,"플레이어들은 보상을 얻기 위해 계약을 완수해야 합니다. 이러한 계약은 대개 단순히 무엇을 제일 먼저 하는 것으로 끝나기보다는 치밀한 계획과 조정을 요구하는 특별한 목표라는 형태를 취합니다. 계약은 모든 플레이어가 달성을 경쟁하는 공공 목표일 수도, 또는 각자에게 주어지며 해당 플레이어만 달성 가능한 개인 목표일 수도 있습니다."
124,협력 게임,Cooperative Game,협력 게임에서 플레이어들은 하나 또는 여러 개 주어진 공동의 승리 조건을 달성하기 위해 행동을 서로 잘 조율해야 합니다. 모든 플레이어는 함께 승리하거나 함께 패배합니다.
125,크레용 레일 시스템,Crayon Rail System,"크레용 레일 시스템은 ""경로와 네트워크 건설""의 하위 카테고리입니다. 이 종류의 게임들은 크레용이나 다른 비영구적인 방법으로 게임판에 선을 긋고, 종종 지울 수도 있습니다. 가장 유명한 크레용 레일 게임은 Empire Builder 시스템의 한 부분입니다."
126,치명적 타격 및 실패,Critical Hits and Failures,"주사위를 굴리고, 지정된 숫자를 초과한 숫자는 성공으로 간주합니다. 어떤 눈금(보통 가장 높은 / 가장 낮은 눈)은 추가적인 성공이나 실패를 유발합니다."
127,큐브 탑,Cube Tower,"탑에서 다양한 색깔의 큐브를 떨어뜨려 어떤 색깔이 바닥에 떨어졌는지를 확인함으로써 행동을 해결합니다. 바닥에 나오지 않는 큐브들은 미래 행동에 나오거나, 그에 영향을 미칠 것입니다.Wallenstein이 이러한 게임들의 초기 예시입니다.이 메커니즘은 큐브를 떨어뜨리지만, 탑이 단순히 공개될 때까지 큐브를 숨기는 역할만을 하는 엘 그란데의 카스티요와는 다릅니다."
128,덱 구성,Deck Construction,"가장 먼저, 또는 게임 진행 전에, 플레이어들은 사용할 덱을 만들어야 합니다."
129,"덱, 백, 풀 빌딩","Deck, Bag, and Pool Building","플레이어들은 개별 덱에서 뽑은 카드를 사용하고, 새로운 카드를 얻어 자신의 덱에 카드를 넣고 반복적으로 사용하며, 카드를 얻어 덱을 개선시킵니다.이 카테고리는 백 빌딩, 풀 빌딩 및 기타 관련 메커니즘을 포함합니다.도미니언이 이 메커니즘의 선구자입니다."
130,추리,Deduction,플레이어들은 단서를 기반으로 해서 숨겨진 정보의 정체를 밝히기 위해 노력합니다.Clue와 Sleuth가 대표적인 예시입니다.
131,지연된 구매,Delayed Purchase,"구매한 물품이 바로 게임에 들어오지 않고, 미래의 차례에 들어옵니다.이 메커니즘의 예시로는 도미니언이 있는데, 도미니언에서 구매한 카드는 버린 카드 더미로 갑니다. World in Flames에서는 ""생산 나선""을 사용하여 구매한 부대, 비행기, 함대는 그것을 건조하는데 얼마나 걸리냐에 따라 몇 달 뒤(또는 몇 년 뒤)에 게임에 들어옵니다."
132,주사위 굴림,Dice Rolling,"주사위 굴림은 많은 용도로 사용할 수 있는 메커니즘으로, 가장 명확하게는 무작위성을 주기 위해 사용합니다.전쟁 게임에서 주사위 굴림은 다양한 표와 함께 사용되는데, 특히 양쪽의 힘과 주사위 굴림(6면체 1개, 6면체 2개, 10면체 1개가 가장 일반적입니다)에 따른 결과를 도출해내는 전투 결과표(비율 또는 격차에 따른 결과를 표시한)가 대표적입니다."
133,주사위 기호 해결,Dice Icon Resolution,플레이어들은 사건이나 분쟁을 해결하기 위해 특별 제작 주사위를 굴립니다. 결과가 특정 기호와 일치해야 성공합니다.이 메커니즘은 주사위를 굴린 후에 어떤 결과의 주사위든 행동을 위해 사용할 수 있는 롤 포더 갤럭시에서 사용되는 주사위 일꾼으로 일꾼 놓기와는 다릅니다.
134,서로 다른 주사위로 이동하기,Different Dice Movement,부대나 게임의 상황에 따라 이동하는데 서로 다른 주사위를 사용합니다.이 메커니즘을 사용한 초기 게임으로 Formula Dé가 있습니다. 경주용 차량의 기어를 서로 다른 주사위로 표현했습니다.
135,드래프트,Drafting,"드래프트 게임에서는 플레이어들에게 카드(및 기타 게임 구성물)를 나눠주는 방식을 사용합니다. 순차적이면서 제한적인 선택이 이루어지며 ""고르고 넘기기""가 일반적입니다.그 일반적인 경우에서는 각 플레이어에게 같은 장수의 카드를 나누어 줍니다. 그런 다음 플레이어들은 카드를 1장(이상) 골라 취하고 나머지를 왼쪽으로 넘깁니다. 모든 카드가 누군가에게 선택되거나 버려져서 남은 카드가 없어질 때까지 이것을 반복합니다. 이런 드래프트를 하는 기본 게임으로 7 원더스가 있습니다.변형꼴로는 플레이어 단 한 명만 카드를 받은 뒤 모든 플레이어들이 카드를 받을 때까지 돌아가며 카드를 1장 받고 나머지 넘기기를 하는 것입니다. 이것은 선플레이어에게 크게 유리한 방식이므로, 이에 대해서 테마적으로 납득을 시키거나 플레이어별 유불리의 균형을 잘 맞춰줄 필요가 있습니다.공개적으로 펼쳐진 것들 가운데 선택이 이루어지는 ""공개 드래프트(Card Drafting)""와는 차이가 있습니다."
136,실시간 경과 후 종료,Elapsed Real Time Ending,실시간 경과 후 종료 게임은 일정 수준으로 실제 시간이 지난 뒤 끝나는 게임입니다.Space Alert와 같이 사운드트랙을 사용해서 실시간을 측정하는 방식이 있는가 하면 Escape from Colditz처럼 그냥 시계를 두고 측정하는 방식도 있습니다.
137,감싸기,Enclosure,"영역 감싸기 게임에서 플레이어들은 일정 영역을 둘러싸기 위해 자신이 가진 구성물을 놓거나 이동시킵니다. 영역 감싸기로 가장 오래되고 유명한 게임이라면 단연코바둑이겠으나, 굳이 거기까지 가지 않더라도 이에 해당하는 게임은 많습니다.영역 감싸기는 ""지역 우선권 / 영향력(Area Majority / Influence)""과는 다릅니다. 영역 감싸기에서는 플레이어들이 게임을 하는 동안 구획이 나누어진 게임판에서 실제로 특정 영역을 만들어내는 반면, ""지역 우선권 / 영향력(Area Majority / Influence)"" 게임에서는 각 지역이 이미 만들어져 있고 플레이어들은 그 지역에 대한 통제권을 놓고 경쟁합니다."
138,게임 종료 보너스,End Game Bonuses,게임 종료 보너스 게임은 게임이 종료될 때 플레이어들이 추가 점수를 얻는(또는 잃기도 하는!) 게임입니다.
139,이벤트,Events,"이벤트 게임은 일으키고 말고를 플레이어들이 제어할 수 없는 이벤트가 발생하는 게임입니다. 이벤트에는 즉각적인 효과를 일으키거나, 게임의 상태를 바꾸거나, 그 이후에 다른 행동이 수반되게 만드는 것 등이 있습니다."
140,대단원,Finale Ending,대단원 게임은 게임 종료 시점이 되었을 때 승자를 정하기 위해 특별한 미니 게임을 진행하는 게임입니다.이 메커니즘이 사용된 게임으로는 Monsters Menace America가 있습니다.
141,플리킹,Flicking,플리킹 게임은 플레이어가 물리적으로 행동을 수행하여 그 행위에 따르는 결과를 만들어내는 게임입니다.
142,후속 행동,Follow,"후속 행동 게임에서는 한 플레이어가 행동 하나를 합니다. 그 뒤 다른 플레이어들도 그 행동 또는 그 행동의 변형꼴 행동을 합니다. 이것은 ""행동 드래프트 (Action Drafting)"" 및 ""역할 선택(Role Selection)""과 밀접한 관련이 있으며, 이들 메커니즘과 곧잘 병행해서 등장합니다."
143,역할 선택,Role Selection,"토큰이나 카드를 선택하여, 플레이어의 차례 혹은 행동에 영향을 끼치는 게임입니다. 역할 선택은 효과의 적용, 특별 행동, 비용 줄이기, 비용 제한, 가능한 행동 등에 영향을 끼칩니다. 게임의 시작에 단 한 번 역할을 고르는 것이 아니라, 차례의 시작마다 혹은 몇 번의 차례마다 역할을 고릅니다."
144,병력 운용,Force Commitment,"병력 운용 게임은 플레이어들이 서로 다른 범주의 전장에 자신의 병력을 얼마나 보낼 것인지를 선택하는 게임입니다. 이 경우 (비공개로) 동시에 또는 순차적으로 선택한 뒤에 이를 해결합니다. 약정한 병력을 모두 잃어야 한다는 점에서는 ""경매 / 입찰(Acution / Bidding)"" 방식과 동일하지만, 차이점은 이 메커니즘이 복수의 경쟁 및 동시다발적인 경쟁이 이루어지는 전쟁 게임이나 ""지역 우선권 / 영향력(Area Majority / Influence)"" 게임에 적용된다는 점이 차이입니다.이러한 메커니즘의 초기 형태로는 Dune이 있습니다."
145,구획 덮기,Grid Coverage,"구획 덮기 게임은 Components: Polyominoes와 같이 다양한 형태의 구성물로 특정한 칸이나 구획을 덮는 일련의 메커니즘을 아우릅니다.간혹 ""테트리스 매커니즘""이라고 불리는 이 방식에서는 플레이어들이 구성물의 모양을 효율적으로 사용하기 경쟁을 벌입니다. 우봉고처럼 게임의 주요 메커니즘일 때도 있고 피렌체의 제후처럼 플레이어들이 선택을 계획하게 하거나 플레이어의 선택에 있어 제약의 기능을 하는 보조 메커니즘일 수도 있습니다.활용 가능한 영역을 한 가지 구성물 유형으로 갖추거나 감싸는 게임에서는(특히 공용 공간을 두고 경쟁하는 경우는) ""감싸기(Enclosure)"" 방식을 활용합니다."
146,구획 이동,Grid Movement,구획 이동은 말이 다양한 방향의 구획으로 이동할 때 일어납니다. 구획은 (체스처럼) 정사각형 모양이 될 수도 있고 (아발론 클래식처럼) 육각형 모양이 될 수도 있습니다.한 게임에 (체스나 체커처럼) 많은 말이 쓰일 수도 있고 (Fresco의 bishop처럼) 단 하나의 말만 쓰일 수도 있습니다.
147,핸드 관리,Hand Management,"핸드 관리 게임은 게임에서 카드를 가지고 특정한 배열 또는 그룹의 카드를 사용하고 플레이어가 그에 대해 혜택을 받는 게임입니다. 이상적인 배열/그룹은 게임판 위치, 손에 든 카드나 상대방이 사용한 카드에 따라 달라질 수 있습니다. 자신의 핸드를 관리한다는 것은 주어진 상황에서 사용 가능한 카드를 통해 높은 가치를 얻는 것을 의미합니다. 게임에서 카드는 보통 다양하게 쓰일 수 있어 ‘최적’의 배열이 무엇인지 애매하게 만듭니다.핸드 관리는 행동/신체를 이용한 기능과 관련이 없습니다."
148,육각형 구획,Hexagon Grid,"구성물들이 육각형 모양으로 게임판에 겹치지 않으면서 빈틈없이 놓이며, 이것이 인접지 그리고/또는 이동에 쓰입니다.예전에는 이 카테고리가 ‘육각형과 counter.’로 알려졌습니다. 육각형 구획 메커니즘이 이제 더 넓은 범위의 게임을 의미하게 된 반면 기존의 표현은 이 메커니즘을 활용한 대규모 게임의 중요한 측면을 강조할 때 쓰입니다.‘육각형과 counter.’는 육각형 구획이 있는 지도에서 ‘counter’를 사용하여 즐기는 고전 워게임 메커니즘입니다. 육각형 구획은 사각형 구획에 비해 counter가 등거리로 이동할 때 더 많은 방향(6방향)으로 이동할 수 있게 해줍니다. 이로 인해 사각형 구획에서 대각선으로 이동하는 것에 대한 문제를 피할 수 있습니다(사각형 구획에서는 대각선으로 이동하는 것이 직각으로 이동하는 것보다 거리가 멉니다).구성물들이 육각형 모양으로 게임판에 겹치지 않으면서 빈틈없이 놓이며 인접지 그리고/또는 이동에 쓰입니다.이러한 게임 중 많은 게임들이 ""통제 범위(Zone of Control, 현재는 별도의 메커니즘으로 분류)""의 컨셉을 포함합니다. 통제 구역은 유닛이 상대 유닛 옆으로 이동하거나 또는 상대 유닛 옆에서 이동을 시작할 때, 그 이동을 멈추게 하거나 못하게 만듭니다. 정확한 효과는 구현한 시대나 기타 디자인 문제에 따라 달라집니다."
149,숨겨진 이동,Hidden Movement,"이동이 다른 모든 플레이어들에게 보이지 않게 일어납니다.스코틀랜드 야드가 이 메커니즘을 활용한 고전 명작 게임입니다.이 메커니즘을 활용하는 데 있어 디자이너에게 가장 중요한 과제는 플레이어가 숨겨진 유닛을 이동할 때 실수하지 않도록 이동 규칙을 간단하게 만드는 방법, 또는 게임을 끝마칠 때 이동 경로를 추적할 수 있게 하는 것입니다."
150,숨겨진 역할,Hidden Roles,숨겨진 역할이 있는 게임에서는 한 명 혹은 다수의 플레이어가 서로 다른 역할을 배정받고 이 역할은 게임을 시작할 때 다른 플레이어에게 공개되지 않습니다.
151,숨겨진 점수,Hidden Victory Points,각 플레이어가 얻은 점수를 다른 플레이어에게 공개하지 않습니다.
152,가장 높은 최솟값 점수,Highest-Lowest Scoring,"플레이어의 점수는 여러 카테고리에서 가장 낮은 값이 됩니다. 누구든 가장 높은 최솟값을 가진 플레이어가 게임에서 승리합니다.이 시스템은 보통 크니치아(Knizia) 작가의 점수 방식으로 알려져 있습니다. 이 메커니즘을 일찍이 활용한 예로는티그리스 & 유프라테스가 있습니다. 이 게임에서 플레이어는 서로 다른 4가지 색깔(빨간색, 초록색, 파란색, 노란색)의 큐브를 모으고 가장 큐브의 수가 적은 색깔이 점수가 됩니다. 한 플레이어가 빨간색 12개, 초록색 10개, 파란색 6개, 노란색 2개를 가지고 있다면 이 플레이어의 최종 점수는 2점입니다. 이 메커니즘은 플레이어가 특정 큐브만 집중적으로 모으지 않도록 만듭니다. 가장 높은 최솟값 점수는 완성한 세트만 점수로 계산되는 ""세트 모으기(Set Collection)"" 중 특별한 경우입니다."
153,뜨거운 감자,Hot Potato,플레이어가 가지고 있으면 나쁜 효과를 주는 아이템 하나가 있습니다. 플레이어들은 게임이 끝날 때 또는 별도로 정한 시간에 그것을 갖고 있지 않기 위해 그것을 피하거나 다른 플레이어에게 넘겨주려 고군분투합니다.
154,내가 나누고 다른 사람이 선택,"I Cut, You Choose","한 플레이어가 한 자원 세트를 여러 그룹으로 나눕니다. 다른 플레이어들이 그중 어떤 그룹을 선택할지 먼저 선택합니다.<San Marco>와 <New York Slice>는 이 메커니즘을 활용하였습니다.이 메커니즘은 차례 순서와 같은 더 추상적인 것을 나누는 데에도 사용될 수도 있습니다. 많은 게임에서 첫 번째 플레이어가 갖는 이점을 최소화하기 위해 소위 ‘파이 규칙’ 또는 <Hex>와 같이 ‘교환 규칙’을 사용합니다. 이 게임에서는 첫 번째 플레이어가 첫 번째 행동을 하고 나서 두 번째 플레이어가 다음 두 가지 중 하나를 선택하여 수행합니다. 첫 번째 플레이어의 색깔과 첫 번째 행동을 두 번째 플레이어가 그대로 넘겨 받습니다, 또는 첫 번째 플레이어의 색깔과 첫 번째 플레이어의 첫 번째 행동을 그대로 두고 그에 대응하여 두 번째 플레이어가 첫 번째 행동을 합니다. 그 후에는 일반적인 규칙에 따라 이어서 차례를 진행합니다."
155,충돌 이동,Impulse Movement,한 차례는 일련의 작은 충돌로 나누어집니다. 자기 속도에 따라 유닛들은 특정한 충돌로 이동할 수 있습니다.일찍이 이 메커니즘을 활용한 게임으로는 <Star Fleet Battles>가 있습니다.
156,수입,Income,이 메커니즘 게임에서는 정해진 때마다 플레이어들이 자원을 얻습니다.
157,선택 받지 못한 자원의 가치 상승,Increase Value of Unchosen Resources,"플레이어들이 선택하지 않은 특정 행동이나 자원의 가치가 오릅니다.이 메커니즘을 사용한 대표작으로는 Puerto Rico를 꼽을 수 있습니다. Puerto Rico에서는 선택 받지 못한 직업 위에 동전을 올려 놓습니다. 게임 디자이너는 이 메커니즘을 사용하여 여러 선택지 사이의 밸런스를 간단하게 조절할 수 있습니다.가치를 올릴 때 사용하는 돈은 Puerto Rico처럼 은행에서 가져오기도 하고, Small World처럼 플레이어가 내기도 합니다. Small World에서는 플레이어가 자신이 선택하지 않고 건너뛴 종족 위에 동전을 올려야 합니다."
158,귀납 추론,Induction,"플레이어들이 게임을 통제하고 있는 특정한 규칙을 알아내려 시도하는 게임을 귀납 추론 게임이라고 합니다. 흔히 귀납 추론 게임에서는 게임 마스터가 비밀 규칙을 만든 다음, 플레이어들이 특정한 패턴을 만듭니다. 그 뒤, 게임 마스터에게 그 패턴이 규칙에 부합하는지 아닌지를 검증 받습니다. 이러한 검증 과정을 거쳐, 플레이어들은 비밀 규칙이 무엇인지 알아낼 수 있습니다.귀납 추론 메커니즘을 사용한 게임으로는 Eleusis와 Zendo가 있습니다."
159,방해,Interrupts,"방해는 ""차례 순서(Turn Order)""에 대한 메타 메커니즘입니다. 플레이어들은 일반적인 차례 순서를 방해하는 행동 하나를 해도 됩니다."
160,Not Found,Not Found,Not Found
161,성과 훔치기,Kill Steal,"플레이어들이 협동하여 특정 목표를 달성했지만, 그 목표를 마무리 지어 완성한 단 한 사람만 모든 보상을 챙기는 방식을 성과 훔치기 메커니즘이라 부릅니다.이런 메커니즘을 사용한 게임으로는 Cutthroat Caverns가 있습니다."
162,자리 차지하기,King of the Hill,"자리 차지하기 메커니즘이 있는 게임에서, 게임판의 특정 구간이나 자리를 차지하고 있는 플레이어는 이에 대한 점수 혹은 특별한 이득을 얻습니다. 그 자리를 얼마나 오랫동안 차지할 수 있을까요?"
163,클라이밍,Ladder Climbing,"첫 번째 플레이어가 카드를 한 장, 혹은 서로 연관된 규칙이 있는 카드를 여러 장 내려 놓습니다. 이어서 그 다음 플레이어부터는 앞에서 내려 놓은 카드와 규칙은 동일하지만, 가치는 같거나 더 높은 카드를 내려 놓아야 합니다. 이 규칙에 따라 가장 가치가 높은 카드를 내려 놓은 플레이어가 다음 클라이밍 라운드에서 첫 번째 플레이어가 되어, 카드를 어떤 규칙에 따라 내려 놓을지 결정할 수 있습니다.클라이밍 메커니즘은 동아시아 고전 게임에서 유래했으며, 오늘날에는 <티츄>나 <달무티> 같은 게임에서 찾아볼 수 있습니다."
164,겹쳐 놓기,Layering,"겹쳐 놓기 메커니즘은 구성물 위에 다른 구성물을 포개어 올려 놓는 방식을 의미합니다. 구성물은 다양한 방식으로 겹쳐 놓을 수 있습니다. 구성물이 서로 겹쳐져 있다면, 가장 위에 있어 아무 것에도 가려지지 않은 아이콘이나 영역만 활성화된 것입니다.겹쳐 놓기 메커니즘은Patchistory나Smartphone Inc.같은 게임에서 찾아볼 수 있습니다."
165,레거시 게임,Legacy Game,"레거시 게임이란, 이전 게임에서 거둔 결과가 그 뒤에 이어서 할 게임 상황에 영향을 주는 게임을 의미합니다. 이번 게임의 결과가 다음 게임에 영구적이고 돌이킬 수 없는 변화를 가져온다는 점이 레거시 게임의 특징입니다."
166,선 그리기,Line Drawing,"어떤 식으로든 게임을 하는 동안 선을 그리는 행동을 하게 된다면, 선 그리기 메커니즘을 사용했다고 할 수 있습니다. <Sprouts(1967)>에서 사용된 것처럼 대상을 연결하는 선을 그리는 것일 수도 있고, 대상을 구분짓는 선을 그리는 것일 수도 있고, <Dots> 나 <Square-it(1961)>에서 사용된 것처럼 영역을 만들기 위해 선을 그리는 것일 수도 있습니다."
167,시야,Line of Sight,게임말이 특정 지역만 볼 수 있습니다.
168,대출,Loans,플레이어들이 돈을 더 얻기 위해 은행으로부터 대출을 받을 수 있습니다.
169,차례 잃기,Lose a Turn,"'차례 잃기'는 다양한 메커니즘을 포괄하는 메커니즘입니다. 다양한 차례 구조에 적용될 수 있는데, 차례를 잃은 플레이어는 반드시 자신의 다음 차례를 진행하지 않고 넘겨야 합니다. 이 플레이어는 다음 라운드 또는 다음 자신의 차례가 오기를 기다려야 합니다."
170,만칼라,Mancala,"만칼라 메커니즘을 활용한 전형적인 게임에서, 플레이어들은 한 장소의 토큰들을 집어 든 다음, 특정 방향으로 돌아가면서 하나씩 내려놓습니다. 마지막으로 토큰을 내려놓는 위치가 중요한 역할을 합니다."
171,지도 추가,Map Addition,새로운 영역을 탐험하면서 지도가 추가됩니다. <Mississippi Queen(1997)>이나 <Eclipse(2011)> 같은 게임이 해당됩니다.
172,지도 추가,Map Addtion,새로운 영역을 탐험하면서 지도가 추가됩니다. <Mississippi Queen(1997)>이나 <Eclipse(2011)> 같은 게임이 해당됩니다.
173,지도 변형,Map Deformation,게임을 진행하는 동안 회전 또는 밀기 등의 방법으로 지도가 변형됩니다.
174,지도 축소,Map Reduction,"게임이 진행되면서, 지도가 줄어듭니다."
175,시장,Market,"플레이어들이 시장에서 자원을 사고 팔 수 있습니다. 시장에는 다양한 가격, 수량을 갖는 여러 자원이 있습니다."
176,맞춰서 내기,Matching,"플레이어는 반드시 이전 차례를 진행하며 나온 속성에 맞춰 자신의 차례를 진행해야 합니다. <우노(1971)>, <Crazy Eights>처럼 숫자 또는 색이나 무늬가 일치하도록 카드를 내는 게임이 해당됩니다."
177,실측 이동,Measurement Movement,"게임말이 이동할 때, 자로 실측한 거리를 이동합니다."
178,합쳐서 펼치기,Melding and Splaying,서로 연관이 있는 카드를 모아 합치고 이를 펼쳐놓거나 겹쳐 놓는 방식입니다. 이 과정에서 어떤 카드가 다른 카드에 의해 카드의 특정 부분이 가려지거나 공개되는 식으로 특정한 능력이나 효과 가려지거나 공개될 수 있습니다.
179,기억,Memory,기억할 수 있는 숨겨진 정보를 제공하여 이를 기억하는 플레이어에게 이점을 줍니다
180,미니맵 해결,Minimap Resolution,"갈등이 발생하면, 게임말이 별도의 게임판으로 옮겨져 이를 해결합니다."
181,모듈형 게임판,Modular Board,타일이나 카드를 조합하여 게임판을 만드는 메커니즘입니다.
182,덱 파고들기,Move Through Deck,"플레이어들은 덱을 파고듭니다. 덱을 끝까지 파고드는 것이 게임 목표인<원 덱 던전>, 덱에서 보스를 찾아 물리치는 것이 목표인 <Chainsaw Warrior>, 덱을 파고들다 보면 게임이 종료되는 <Diamant>가 대표적인 게임입니다."
183,이동 포인트,Movement Points,"게임말에 이동에 사용할 수 있는 점수가 부여됩니다. 많은 게임에서 일반적인 메커니즘으로 특히 워 게임에서 많이 찾아볼 수 있습니다. 이런 게임에선 지형에 따라 사용해야 할 이동 포인트가 달라지기도 합니다. 이동 포인트는 게임말이나 특정 지형에 한해 사용된다는 개념이라 ""행동 포인트(Action Points)""와는 구분됩니다. ""행동 포인트(Action Points)""는 플레이어의 행동 전반에 사용되는 개념으로, 행동에는 흔히 ""이동""도 포함됩니다."
184,이동 템플릿,Movement Template,이동 템플릿을 사용해 게임말이 어디로 움직일지를 정하는 방식입니다.
185,게임말 동시 이동,Moving Multiple Units,하나 이상의 게임말을 움직이는 행동입니다.
186,다중 지도,Multiple Maps,특정 지점에서 연결된 여러 개의 지도를 사용하는 게임입니다.
187,다중 입찰 경매,Multiple-Lot Auction,"플레이어들이 연속으로 한 번에 하나의 물품에 입찰하는 대신, 병렬적으로 여러 물품에 동시에 입찰하는 경매를 말합니다. 경매의 실제 형태는 각 경매 메커니즘에 따릅니다.예를들어, Revolution!에서 플레이어들은 동시에 12개의 행동에 비밀 입찰 경매를 시행합니다."
188,서사 / 단락 선택,Narrative Choice / Paragraph,"서사 형태를 통해, 여러 행동 선택지가 플레이어에게 주어집니다.이 메커니즘은 Tales of the Arabian Nights 또는 Above and Below같이, 보통 번호가 붙은 단락이 있는 책으로 구현되거나, 데드 오브 윈터: 크로스로드 게임과 같이 카드로 표현됩니다."
189,협상,Negotiation,플레이어들은 단순한 거래를 넘어 행동 조정에 대해 합의합니다.합의는 구속력이 있을 수도 있고 없을 수도 있습니다. Diplomacy가 후자의 가장 대표적인 예입니다.
190,경로와 네트워크 건설,Network and Route Building,"이 메커니즘 게임은 목적지 사이의 경로로 표현되는 연결된 경로와 교차점의 개발을 담고 있습니다. 이 메커니즘은 단순히 점수를 매기는 것 이상으로, 특별한 행동을 유발하거나 유지비를 요구하는 등의 게임 내 효과를 제공한다는 점에서 ""연결(Connections)"" 메커니즘과는 다릅니다."
191,1회용 능력,Once-Per-Game Abilities,"플레이어들은 게임에서 한 번 사용할 수 있는 특수 능력을 가집니다.이는Warmachine의 'feats'처럼 플레이어들의 고유 능력이거나,Finca에서의 특별 전표처럼 모든 플레이어들이 공통적으로 쓸 수 있는 능력입니다.종종 플레이어들은 게임 중 이 능력을 사용하지 않았다면 추가 승점을 받을 수도 있습니다."
192,명령 카운터,Order Counters,"플레이어들은 지역에 자신의 명령 토큰을 놓습니다. 명령 토큰은 그들이 게임판의 특정 지역에서 어떤 행동을 할 것임을 표시합니다. 모든 토큰이 놓인 후, 플레이어들은 이를 순서에 따라 시행합니다.스타크래프트: 보드게임이 이 메커니즘의 대표적인 예입니다."
193,소유,Ownership,"플레이어들은 개체를 소유하고, 이 개체들로 행동을 수행하고, 다른 사람들이 이를 사용했다면 이득을 얻습니다."
194,종이와 펜,Paper-and-Pencil,"이 메커니즘 게임은 종이와 펜을 사용하여 게임이 진행되는 동안 게임 내에서 발생한 반응이나 특성을 기록하고 저장하기 위해 개발되었고, 게임이 끝날 때 점수를 기록하고 승자를 결정합니다."
195,행동 토큰 넘기기,Passed Action Token,"플레이어들은 하나 이상의 행동 토큰을 가집니다. 행동 토큰을 가진 플레이어들은 차례를 가질 수 있고, 차례를 한 후 토큰을 시계 방향으로 넘깁니다. 그럼 다른 플레이어가 행동을 할 수 있습니다. 행동은 실시간으로 수행됩니다. 차례에는 일시 정지나 체계가 없습니다.보통, 지연을 막고 게임을 계속 진행하게 하기 위해, 게임 내에 여러 개의 행동 토큰이 있고, 여러 토큰들이 한 플레이어에게 멈춰있다면 그 플레이어는 벌칙을 받습니다.Camelot과 Diner가 대표적인 예입니다."
196,패턴 구축,Pattern Building,"플레이어들은 ""퍼즐(Puzzle)"" 카테고리의 게임에서와 같이, 점수를 얻고 행동을 발동시키기 위해 정교한 패턴으로 게임 구성물을 설정해야 합니다.아줄은 이 메커니즘을 사용해 디자인된 현대 게임입니다. ""타일 놓기(Tile Placement)""의 메커니즘은 일반적으로 타일을 연결하여 '특징 완성'을 하기에, 패턴 구축 메커니즘을 포함하는 것으로 볼 수도 있습니다."
197,시간 트랙,Time Track,"이 메커니즘 게임에서는 여러 칸으로 구성된 선형의 ""시간 트랙""이 있습니다. 각 플레이어는 트랙 위에 마커를 놓습니다. 이는 플레이어들이 시간의 흐름속에 어디에 있는지를 표시합니다. 트랙의 출발선에서 멀리 있는 마커는 시간상 더 앞서 있다는 것을 의미합니다.트랙에서 마커가 뒤에 있는 플레이어(""시간에 뒤쳐진"")가 다음 행동을 합니다. 각 행동은 시간을 비용으로 사용합니다. 플레이어의 마커를 해당 비용에 따라 그 숫자만큼 전진시킵니다. 그러고 나서, 마커가 가장 뒤에 있는 플레이어가 행동을 합니다. 같은 플레이어가 연속으로 여러 번의 차례를 가지는 일도 가능합니다."
198,트랙 이동,Track Movement,"이 메커니즘 게임에서는 게임 말이 선형 트랙(꼭 직선일 필요는 없습니다. 곡선이거나, 뒤로 돌아가거나, 순환형태이기도 합니다) 사이에서 이동합니다.백개먼이나 Pachisi의 파생형 같은 고전 게임이나, 현대 보드게임 중에서는 Lewis & Clark: The Expedition이나 생쥐 만세 같은 게임이 그 예시입니다.Tokaido나 Jamaica같은 단순한 변형이나, Flamme Rouge, Downforce, Monza와 같은 경주 게임의 제한된 너비의 트랙 등도 이 메커니즘에 포함됩니다."
199,거래,Trading,이런 게임에서 플레이어들은 시장 등을 통하는 게 아니라 직접적으로 자산을 거래합니다.
200,배신자 게임,Traitor Game,"배신자 게임은 팀 게임들이나, 배신 메커니즘을 갖춘 협력게임 등에서 찾아볼 수 있습니다. 배신자는 보통 플레이어들의 실패 조건을 발동시킴으로서 승리합니다. 배신자 게임은 게임 시작 시 비밀 정체를 가지고 시작하나, 게임 중 밝혀지는 배신자가 있는 것이 특징입니다."
201,트릭테이킹,Trick-tacking,"플레이어들은 몇 번의 라운드 동안 손에 있는 카드를 테이블 위에 놓습니다. 그리고 이렇게 만들어진 각 ""트릭""을 개별적으로 평가하여 승자를 결정하거나 다른 잠재적 효과를 적용합니다.트릭을 얻는 가장 일반적인 방법은 이번 라운드에 가장 먼저 놓인(리드 수트) 수트의 가장 높은 가치의 카드를 내는 것입니다. 그러나 많은 고전 카드게임들은 ""트럼프"" 시스템을 사용합니다(특정 카드나, 보통 지정된 수트를 가진 카드가 놓이면, 트릭을 가져가는 시스템입니다. 가끔 트럼프 수트를 결정하기 위해 입찰 라운드를 가지는 경우도 있습닏니다.많은 트릭테이킹 게임(전부는 아닙니다)에서 플레이어들은 ""이어지는 수트""를 내야하는데, 보통 가지고 있다면 리드 슈트의 카드를 내야합니다. 맞는 카드가 없다면, 손에 있는 다른 카드를 내야합니다."
202,패턴 이동,Pattern Movement,기물들이 특별한 패턴에 따라 게임판 격자에서 이동합니다.체스나 장기같은 클래식 게임들이 이 메커니즘을 사용합니다. 현대 보드게임 중에서는 Duke가 대표적입니다.
203,패턴 인식,Pattern Recognition,"플레이어들은 이미 알려졌거나 게임 구성물로 새로이 만들어진 패턴을 인지하여 목적을 달성하고 게임에서 승리해야 합니다. 예를 들어 보통 색상이나 기호를 가진 마커가 보드판에 특정 위치에 놓이거나, 다른 마커와 연결되어 추상적이고 의미 있는 패턴을 형성합니다. 플레이어들은 이 패턴의 의미를 결정하기 위해 연역적 추론을 해야합니다."
204,물리적 제거,Physical Removal,"기물들을 구조물에서 제거해 나갑니다. 게임 진행은 이렇게 떨어지는 물건들(Ker Plunk)이나, 구조물의 완벽한 붕괴(Zenga)에 의해 영향을 받습니다."
205,수령과 배달,Pick-up and Deliver,"이 메커니즘 게임에서 플레이어들은 상품 또는 물품을 게임판의 한 장소에서 수령하고, 그것을 게임판의 다른 장소로 가져가야 합니다. 물품의 최초 위치는 사전에 결정되거나 무작위로 결정됩니다. 상품을 배달하면 플레이어들은 더 많은 행동을 할 수 있는 돈을 얻게 됩니다. 대부분의 경우, 물품이 어디로 가야하는지 결정하는 규칙이나 다른 메커니즘을 포함합니다.Empire Builder는 1980년에 나와 지금까지 유명한 클래식한 수령과 배달 메커니즘 게임입니다. 이 게임에서 플레이어는 도시 사이에 철도를 건설하고, 이 철도 사이로 기차를 움직입니다. 플레이어들은 특정 도시가 특정 상품을 요구하는 계약서를 갖습니다. 이 계약을 충족시키기 위해, 플레이어는 해당 물품을 갖고 있는 도시로 여행하고, 그 상품을 수령하고, 목적지로 배달해야 합니다. 플레이어가 계약서를 완료하면, 플레이어는 계약서에 쓰여있는 돈을 받습니다."
206,지도 조각,Pieces as Map,"각 조각들은 전체 지도를 구성합니다.이 게임은 맵 구성요소가 놓인 후에도 여전히 '조각'으로 남아 게임 메커니즘의 대표성을 가진다는 측면에서 ""타일 놓기(Tile Placement)"" 메커니즘과 구별됩니다.초기 게임들로는 Hive와 Maelstrom이 있습니다."
207,플레이어 탈락,Player Elimination,"플레이어들이 게임에서 탈락할 수 있습니다. 탈락한 플레이어는 더 이상 게임에 참여할 수 없습니다.몇몇 게임에서는 탈락한 플레이어의 소지품도 게임에서 함께 제거됩니다; 다른 게임들에서는 여전히 중립 물품으로 남는 경우도 있습니다(예시: 탈락한 플레이어의 군대와 도시가 제거되는 경우도 있지만, 탈락한 후 중립 군대와 도시로 남는 경우도 있습니다)."
208,플레이어 심판,Player Judge,한 플레이어가 심판관이 되어 행동의 결과를 결정합니다.보통 파티게임에서 흔히 쓰이는 메커니즘입니다. 예시: Apples to Apples나 Cards Against Humanity.
209,지점 이동,Point to Point Movement,"지점 이동 메커니즘을 선택한 보드게임의 게임판에는 마커나 피규어를 놓을 수 있는 특정한 장소, 예를 들어 도시같은 곳이 있습니다. 이러한 지점들은 보통 선으로 연결되어 있고 이동은 이러한 선을 따라 이루어집니다. 두 지점이 단순히 옆에 있거나 가깝다는 것으로 연결된 것이 아닙니다. 두 지점 사이에 연결된 선이 없다면 상호 지점으로 직접 이동할 수는 없습니다."
210,예상 입찰,Predictive Bid,"플레이어들은 게임에서 미래에 무엇을 할 것인가를 예측하고, 예측이 얼마나 맞았는지에 기반하여 점수를 얻습니다.이는 Bridge, Spades나 Sluff Off! 같은 트릭 테이킹 게임에서 자주 보입니다. 이는 또한 Dune에서도 뚜렷이 나타나는데, Bene Gesserit 플레이어는 상대방이 특정 차례에 얼마나 점수를 얻을 것인지 성공적으로 예측하여 그 플레이어에게 점수를 빼앗아 올 수 있습니다."
211,죄수의 딜레마,Prisoner's Dilemma,"각 플레이어는 협력할지, 배신할지를 선택합니다. 두 플레이어가 모두 협력했을 때 얻는 총 보상이 가장 크지만, 한 명이 배신하고 한 명이 협력을 택한다면 배신자는 혼자 큰 보상을 얻게 됩니다."
212,프로그램된 이동,Programmed Movement,플레이어들은 동시에 이동 계획을 프로그램합니다. 그 후 동시에 공개하고 실행합니다. 이 방식은 게임을 혼돈으로 끌고가는 경향이 있습니다. 공간과 순서를 잘 파악하는 사람들이 유리합니다.
213,운 시험 게임,Push Your Luck,"상당히 무작위적이거나 운에 의거한 보상이 있는 게임에서, 플레이어들은 이미 얻은 이득에 만족할 것인지, 미래의 더 큰 보상을 위해 얻은 걸 다 걸 것인지를 결정해야 합니다. 운 시험 게임은 TV 프로그램 ""press-your-luck""으로 잘 알려져 있습니다."
214,경주,Race,"먼저 핵심 목표를 달성한 첫 플레이어가 승리합니다. 보통 트랙의 끝에 다다른 첫 플레이어를 승자로 삼는 것으로 표현되는데, 고정된 목표을 가진 게임이라면 어떤 종류든지 경주 메커니즘 게임으로서 자격이 있습니다. 예를 들어, 어떤 플레이어가 10점에 도달하기 위해 경주하는 카탄도 경주 메커니즘 게임의 예시입니다."
215,무작위 생산,Random Production,자원들이 무작위 과정으로 생산되어 자격을 갖춘 플레이어들에게 분배됩니다. 카탄과 Crude: The Oil Game이 초기 형태의 이 메커니즘에 기반한 게임입니다.
216,비율 / 전투 결과표,Ratio / Combat Results Table,"유닛간의 전투를 해결하는 많은 전쟁 보드게임에서, 공격자와 방어자는 그 전투에 관여한 모든 유닛의 전투력을 모두 더합니다. 이는 공격자와 방어자 사이의 비율로 표시되고, ""전투 결과표(CRT)""에 연동되어 사용됩니다. 그러고 나서 주사위를 굴려 최종 전투 결과를 결정합니다."
217,재굴림과 잠금,Re-rolling and Locking,"게임에서 주사위를 재굴림하거나, 재굴림을 방지하기 위해 잠글 수 있습니다.Yahtzee와 Cosmic Wimpout이 이 메커니즘의 초기 예시입니다. 더 많은 최근 게임들이 ""잠금""의 요소를 포함하고 있는데, 어떤 주사위들은 다시 굴리는 것이 금지됩니다. Zombie Dice와 Escape: The Curse of the Temple에 이런 예시가 있습니다."
218,실시간,Real-TIme,이 메커니즘 게임에는 차례가 없습니다. 플레이어들은 어떤 제약 하에서 게임 또는 단계가 끝날때까지 가능한 한 빠르게 플레이합니다.
219,상대적 이동,Relative Movement,"유닛들의 이전 움직임은 추적되지 않습니다. 오직 그들의 상대적 위치만이 중요합니다.이 메커니즘은 경주 게임에서 분화된 메커니즘입니다. Formula Motor나 Racing RoadKill이 대표적인 게임이고, 다른 테마로는 상어에게 도망치는 Get Bit! 같은 게임이 있습니다."
220,자원 소모 이동,Resource to Move,플레이어들은 자원을 소모하여 이동합니다.
221,가위바위보,Rock-Paper-Scissors,"3가지 선택지가 있습니다. 3가지는 순환적으로 상성 우위를 가집니다(A가 B를 이기고, B가 C를 이기고, C는 A를 이깁니다)."
222,롤플레잉,Role Playing,어떤 게임들은 롤플레잉 요소를 포함합니다. 플레이어들이 시간이 지날수록 성장하는 캐릭터들을 조종하는 것은 그러한 요소 중 하나입니다. 스토리텔링을 중심으로 진행하는 게임도 롤플레잉 게임이 될 수 있습니다. 롤플레잉 메커니즘은 가변적 플레이어 능력 메커니즘에서 확장된 것이라고 볼 수 있습니다.
223,비대칭 역할 정보,Role with Asymmetric Information,한 명 이상의 플레이어가 게임 시작 시 자신의 역할과 그에 따른 서로 다른 승리조건을 배정받습니다. 그리고 게임 상태에 대해서도 서로 다른 시작 정보를 받습니다.
224,굴림 / 돌림 이동,Roll / Spin and Move,굴림/돌림 이동 게임에서 플레이어들은 주사위를 굴리거나 돌림판을 돌려서 결정된 숫자에 따라 말을 이동합니다.이 용어는 게임을 하며 생각할 필요가 없는 게임이라는 것을 은연중에 언급하는 비판적인 용도로 사용됩니다. 그러나 백개먼 같은 굴림 이동 게임은 전략적 요소를 포함하고 있습니다.
225,론델,Rondel,"게임에서 사용 가능한 행동이 원 안에 쐐기 모양 파이 형태로 표시되어 있습니다. 각 플레이어는 하나 이상의 토큰을 ""론델 쐐기""에 놓습니다. 자신의 차례에, 플레이어는 자신의 토큰을 론델 원 안에서 이동시켜 멈춘 쐐기에 표시된 행동을 합니다. 일반적으로, 론델 안에서 추가 이동을 하기 위해서는 비용이 필요합니다."
226,시나리오 / 임무 / 캠페인 게임,Scenario / Mission / Campaign Game,"다양한 지도와 시작 자원 및 위치, 심지어 서로 다른 승리와 패배 조건이 적용될 수 있는 게임 시스템입니다. 이 다양한 조건들은 더 큰 규모의 이야기나 캠페인 속에서 조합될 수도 있고, 전반적으로 각자가 연결되지 않을 수도 있습니다."
227,다회 점수 합산 게임,Score-and-Reset Game,"종료 조건에 도달할 때까지 게임을 플레이하고 점수를 기록한 다음, 게임을 다시 처음으로 돌려 한번 이상의 추가 라운드를 진행합니다. 몇 번의 라운드가 끝난 후 게임이 종료되고, 각 라운드의 점수를 합산하여 승자를결정합니다."
228,비밀 유닛 배치,Secret Unit Deployment,"비밀 유닛 배치 게임은 숨겨진 정보를 포함하는 게임입니다. 게임 말을 조종하는 플레이어만 말에 대해 본질과 소재에 이르기까지의 완벽한 정보를 가지고 있습니다. 이 메커니즘은 전쟁 게임에서 ""전장의 안개(fog of war)""를 구현하기 위해 사용됩니다."
229,선택 순서 입찰,Selection Order Bid,"선택 순서 입찰은 ""다중 입찰 경매(Multiple-Lot Auction)""의 한 종류인데, 플레이어들이 물품 그 자체에 대해 입찰하지 않고, 물품을 ""드래프트(Drafting)""할 때의 순서에 대해 입찰하는 경매입니다. 입찰 비용이 커지면 플레이어는 패스를 선언하고 후순위를 선택할 수 있습니다. 몇몇 경우에는, 모든 플레이어들이 입찰한 금액을 전부 지불해야 하고, 일부 게임에서는 입찰금 일부를 회수하는 경우도 있습니다."
230,준협력 게임,Semi-Cooperative Game,게임 내에서 각 플레이어들이 공통 목표를 달성하기 위해 협력하면서 동시에 경쟁하기도 하는 게임을 말합니다. 준협력게임으로 분류되려면 종료 조건에 아래 두 요소가 있어야 합니다.A) 한 명 이상의(그러나 모두는 아닌) 플레이어가 같이 승리할 수 있어야 합니다.B) 아무도 이기지 못하는 경우가 있어야 합니다.
231,세트 모으기,Set Collection,아이템의 가치가 세트의 부분이 되는 것에 따라 달라집니다. 예를 들어 아이템의 일정 양 또는 다양성의 집합에 따라 점수를 얻을 수 있습니다.
232,시뮬레이션,Simulation,시뮬레이션 게임은 실제 사건이나 상황을 모델로 만들어졌습니다.
233,동시 행동 선택,Simultaneous Action Selection,"플레이어들은 동시에, 그리고 비밀리에 자신의 차례를 계획합니다. 그러고 나서 동시에 자신의 계획을 공개합니다."
234,노래,Singing,노래 메커니즘을 사용한 게임에서 플레이어들은 게임의 요구사항을 달성하기 위해 친숙한 노래를 부르거나 흥얼거려야 합니다.
235,단독 패배 게임,Single Loser Game,한 플레이어가 패배할 때 게임이 종료되는 게임입니다.
236,밀기,Slide / Push,플레이어들은 토큰을 밀거나 미끄러뜨립니다. 그 앞에 놓였던 다른 토큰들은 이를 통해 다시 밀릴 수 있습니다.
237,1인용 게임,Solo / Solitaire Game,"혼자 게임을 하도록 설계된 게임이거나, 그러한 게임 모드를 포함한 게임을 말합니다.원래 2인 이상 게임이나, 플레이어가 실력을 향상시키기 위해 두개 이상의 진영을 플레이할 수 있는 게임은 이에 포함되지 않습니다(보통전쟁 게임플레이어나체스플레이어들 중에 이러한 경우가 많습니다)."
238,빨리 맞추기,Speed Matching,"보통 카드를 뒤집어서 패턴을 공개합니다. 그러면 플레이어들은 테이블에 있는 다른 게임 구성물들과 연결되는 것을 먼저 찾거나, 그러한 연결이 존재하는지를 찾아야 합니다."
239,사각 격자,Square Grid,"게임 말이 사각형으로 이루어진 바둑판무늬의 게임판에 놓이고, 이 게임판은 인접함을 판정하거나 또는 이동을 위해 사용됩니다."
240,쌓기와 균형 잡기,Stacking and Balancing,"게임 말을 물리적으로 쌓고, 균형을 맞춰야 합니다."
241,수치 확인 및 해결,Stat Check Resolution,"테스트를 통과하기 위해 요구되는 수치가 있습니다. 무작위 수치(카드 뽑기, 주사위 굴림 등으로)가 생성되고, 이를 목표와 비교합니다. 이 숫자가 목표에 일치하거나 초과하면, 행동에 성공합니다."
242,포획,Static Capture,게임 말이 있는 칸에 다른 말이 들어오거나 지나가면서 해당 말을 포획할 수 있는 게임입니다.
243,주식 보유,Stock Holding,"주식 보유 게임은 ""투자(Investment)"" 게임의 하위 카테고리로, 플레이어들이 회사, 상품, 국가와 같은 전체 자산의 규정된 지분을 구매하거나 팔 수 있는 게임입니다. 주식 보유로 ""소유(Ownership)""의 특권을 얻을 수도 있습니다."
244,투자,Investment,"투자 게임에서 플레이어들은 기업 지분의 일부를 갖습니다.게임 메커니즘에 있어 투자와""소유(Ownership)"" 사이의 차이는, 플레이어가 투자를 통해 얻는 것이 다르다는 점에 있습니다. 투자 게임에서 일반적으로 플레이어는 자신의 투자를 통해 돈이나 점수를 얻을 뿐, 특수 행동을 얻을 수는 없습니다.Acquire는 투자 메커니즘을 도입한 초기 작품입니다."
245,스토리텔링,Storytelling,"스토리텔링 게임에서 플레이어는 플레이어의 이야기에 통합되어야 하는 개념적이고 글과 그림으로 구성된 자극을 받습니다. 옛날 옛적에(Once Upon a Time)는 단어를 선택하는 방식을 사용하고, Rory's Story Cubes는 모호한 상징들을 사용합니다. Snake Oil과 Big Idea같은 게임들은 플레이어들이 짧은 스토리나 삽화를 가진 상품을 선전하도록 유도합니다."
246,단판 승부 게임,Sudden Death Ending,"동점인 경우, 단판 승부 규칙이 발동되어 플레이어가 특정 조건을 성취하여 게임이 종료될 때까지 게임을 계속하는 방식을 말합니다."
247,치고받기,Take That,"경쟁적인 전략으로 상대방의 승리를 향한 진행을 직접적으로 공격하지만, 상대방을 표현하는 캐릭터나 구성물을 게임에서 제거하지는 않는 형태의 게임입니다. 이 메커니즘은 상대방의 자원, 행동, 기술 등을 훔치거나, 무효화하거나, 강제로 버리게 하는 것을 포함합니다. 치고받기 메커니즘은 종종 비교적 짧은 기간에도 플레이어들의 세력 구도를 극적으로 뒤바꾸는 결과를 가져오기도 합니다."
248,목표 단서,Targeted Clues,한 플레이어는 전체 플레이어가 아닌 그가 원하는 플레이어 답을 추론할 수 있는 단서를 줍니다.
249,팀전 게임,Team-Based Game,"팀전 게임에서 플레이어들의 팀은 승리를 얻기 위해 다른 팀과 경쟁합니다. 사용가능한 팀의 구조는 다양한데, 2:2나 3:3처럼 대칭적인 팀일수도 있고, 2:2:2 처럼 다중 상대 구조일 수도 있으며, 1대 다수인 경우도 있습니다."
250,기술 트리 / 기술 트랙,Tech Tree / Tech Tracks,"게임 과정에서, 새로운 행동이 특별한 플레이어들에게 가능하거나, 존재하는 행동이 향상됩니다. 이러한 것은 보통 기술이라고 칭해지는데, 꼭 그 용어일 필요는 없습니다."
251,3차원 이동,Three Dimensional Movement,게임말의 위치 및 이동이 3차원 공간에서 이루어집니다. 다층 게임 공간이나 평면(2차원) 게임 공간의 위 또는 아래에 높이를 표시하는 표시말이나 토큰 등으로 표현됩니다.
252,타일 놓기,Tile Placement,"타일 놓기 게임은 점수를 얻거나 능력을 발동하기 위해 타일 조각을 놓는 것이 특징입니다. 이러한 점수나 능력은 타일의 집합 또는 인접한 타일들에 기반하여 발동합니다. 그리고 색상, 특징 완성, 타일 집합의 크기 같은 비공간적 특성도 참조합니다.타일 놓기 게임의 전통적인 예시로는 카르카손이 있습니다. 카르카손에서 플레이어들은 무작위로 타일을 뽑은 후, 그 타일을 다른 타일에 붙여서 놓고 방금 놓은 타일 위해 미플(meeple)을 놓을 수 있는 기회를 가집니다."
253,주도권 싸움,Tug of War,마커가 중립 위치에서 시작해 트랙에서 앞뒤로 이동합니다.Twilight Struggle에서는 승리를 결정하는 방법으로 이를 사용합니다. 또한 어떤 플레이어가 트랙의 끝에 다다르면 바로 종료되는 단판 승리 메커니즘을 표시하기 위해 사용합니다.Churchill에서는 3명의 플레이어 사이의 주도권 싸움을 표시합니다. 이는 게임 중에 논의된 논점들을 해결하기 위해 사용됩니다.
254,차례 순서 : 경매,Turn Order : Auction,플레이어들은 차례 순서를 결정하기 위해 입찰합니다. 다양한 경매 방법이 사용될 수 있습니다.
255,차례 순서 : 획득 행동,Turn Order : Claim Action,"각 라운드에 시작 플레이어가 있고, 시작 플레이어부터 시계방향으로 차례를 가집니다. 이 때, 행동 중에 다음 라운드의 차례 순서를 결정할 수 있는(일반적으로 시작 플레이어가 되는 것이지만, 항상 그런것은 아닙니다) 행동이 있습니다. 아무도 이 행동을 하지 않는다면, 차례 순서는 바뀌지 않습니다."
256,차례 순서 : 패스 순서,Turn Order : Pass Order,"자신의 차례에, 플레이어들은 행동하거나 패스를 선언할 수 있습니다. 가장 먼저 패스를 선언한 플레이어가 다음 라운드의 시작 플레이어가 됩니다. 다음으로 패스를 선언한 플레이어는 다음 라운드의 두 번째 플레이어가 됩니다. 이렇게 패스를 선언한 순서대로 다음 라운드의 순서를 결정합니다. 후순위 플레이어가 더 유리할 때는, 패스 순서와 차례 순서를 뒤집는 것도 가능합니다."
257,차례 순서 : 순서 진행,Turn Order : Progressive,"한 플레이어가 시작 플레이어 토큰을 가집니다. 라운드가 끝날 때, 토큰이 왼쪽 플레이어에게 넘어갑니다. 그 플레이어가 다음 라운드의 시작 플레이어가 됩니다. 라운드 중에 플레이어들은 시계 방향 순서대로 차례를 가집니다.반시계 방향으로 순서가 진행될 때는 ""역순서 진행""라고 부릅니다. 해당 방법도 이 메커니즘에 포함됩니다."
258,차례 순서 : 무작위,Turn Order : Random,"게임 말이나 플레이어를 표시하는 물건을 무작위로 섞은 후, 차례를 진행할 때 하나를 뽑습니다. 그 플레이어 또는 말이 차례를 진행합니다. 그러고 나서 (차례를 마치면) 새로 뽑습니다."
259,차례 순서 : 역할 순서,Turn Order : Role Order,"플레이어들은 비밀리에, 그리고 동시에 행동, 역할, 우선권을 선택합니다. 그리고 이를 공개하고, 공개된 행동이나 역할에 따라 어떤 플레이어가 먼저 행동할지를 결정합니다."
260,차례 순서 : 능력치 기반,Turn Order : Stat-Based,"각 라운드의 차례 순서는 게임 내에서 플레어어들의 자원 또는 위치에 기반하여 결정됩니다. 일반적인 방법은 현재 점수 순서에 따라 차례 순서를 결정하는 것입니다(""일등 따라잡기(Catch the Leader)"" 메커니즘처럼)."
261,가변적 단계 순서,Variable Phase Order,"가변적 단계 순서는 차례가 이전 또는 이후와 같은 방법으로 진행되지 않을 수 있다는 것을 의미합니다.푸에르토 리코에서 대표적으로 이 방법을 사용합니다. 매 차례는 서로 다릅니다. 누가 어떤 역할을 선택하기 시작하는지, 어떤 역할을 맡는지에 따라, 여러분은 ""건설"" 행동을 원하는 것보다 더 빨리 수행해야 할 수도 있습니다. 어떤 게임에서는, 특정 행동을 수행하는 것이 거부될 수도 있습니다.행동이 제한되고 게임의 차례 순서가 정해져있지 않은 대부분의 게임은 이 메커니즘에 해당합니다만, 단순히 차례 순서가 변한다고 이 메커니즘 게임인 것은 아닙니다."
262,가변적 플레이어 능력,Variable Player Powers,"각 플레이어들은 각자 자신만 사용할 수 있거나, 기본 행동을 개선할 수 있는 특별한 행동을 가집니다."
263,가변적 준비,Variable Set-up,"게임 시작 상황이 매 게임마다 바뀝니다. 지도같은 공용 게임 구성물을 바꾸거나, 자원이나 목표같은 플레이어들의 시작 구성 등이 바뀔 수 있습니다."
264,승점을 자원으로 사용,Victory Points as a Resource,승점을 게임 상황에 영향을 미치는 통화로서 사용할 수 있습니다.
265,투표,Voting,플레이어들은 제안된 행동의 발생 여부에 대해서 투표합니다.
266,일꾼 놓기,Worker Placement,"일꾼 놓기는 ""행동 드래프트(Action Drafting)""를 양식화한 형태로, 플레이어들이 모든 플레이어들이 사용가능한 여러 행동 가운데 자신의 토큰(보통 미플(meeple)을 사용)을 원하는 행동 장소에 놓고 해당 행동을 발동하는 형태의 메커니즘을 말합니다. 보통 차례 순서대로 한 번씩 돌아가며 말을 놓습니다. 일부 게임들은 같은 효과를 반대 방향으로 얻기도 합니다. 각 차례가 플레이어들이 비용을 내고 놓은 마커들에 의해 행동칸들이 채워져 있는 것입니다. 각 플레이어들은 제한된 숫자의 마커를 가지고 이 과정에 참여합니다. 게임 중간에 이 숫자를 늘릴 수 있기도 합니다."
267,주사위로 일꾼 놓기,Worker Placement with Dice Workers,일꾼들이 그 눈금에 따라 게임에 영향을 미치는 주사위로 표시됩니다.
268,다양한 타입의 일꾼 놓기,"Worker Placement, Different Worker Types","각 일꾼들이 여러 능력을 가지고, 향상되거나 격하되기도 하며, 종류에 따라 서로 다른 구역이나 건물에 놓일 수 있습니다."
269,통제 범위,Zone of Control,특정 칸에 인접한 유닛은 그 칸에서 상대 유닛이 이동 또는 공격 능력을 발휘하는데 영향을 줍니다.
