s3_image_url,s3_image_title
https://s3.ap-northeast-2.amazonaws.com/boardcollie.com/game/image/세븐원더스 : 듀얼.jpg,세븐원더스 : 듀얼
https://s3.ap-northeast-2.amazonaws.com/boardcollie.com/game/image/개조심.jpg,개조심
https://s3.ap-northeast-2.amazonaws.com/boardcollie.com/game/image/고스트.jpg,고스트
https://s3.ap-northeast-2.amazonaws.com/boardcollie.com/game/image/노땡스.jpg,노땡스
https://s3.ap-northeast-2.amazonaws.com/boardcollie.com/game/image/다빈치코드.jpg,다빈치코드
https://s3.ap-northeast-2.amazonaws.com/boardcollie.com/game/image/닥터유레카.jpg,닥터유레카
https://s3.ap-northeast-2.amazonaws.com/boardcollie.com/game/image/달무티.jpg,달무티
https://s3.ap-northeast-2.amazonaws.com/boardcollie.com/game/image/더게임.jpg,더게임
https://s3.ap-northeast-2.amazonaws.com/boardcollie.com/game/image/데드오브윈터.jpg,데드오브윈터
https://s3.ap-northeast-2.amazonaws.com/boardcollie.com/game/image/도블.jpg,도블
https://s3.ap-northeast-2.amazonaws.com/boardcollie.com/game/image/동키더비.jpg,동키더비
https://s3.ap-northeast-2.amazonaws.com/boardcollie.com/game/image/드렉사우.jpg,드렉사우
https://s3.ap-northeast-2.amazonaws.com/boardcollie.com/game/image/딕싯.jpg,딕싯
https://s3.ap-northeast-2.amazonaws.com/boardcollie.com/game/image/딕싯 : 메모리즈.jpg,딕싯 : 메모리즈
https://s3.ap-northeast-2.amazonaws.com/boardcollie.com/game/image/딕싯 : 예지.jpg,딕싯 : 예지
https://s3.ap-northeast-2.amazonaws.com/boardcollie.com/game/image/딕싯 : 퀘스트.jpg,딕싯 : 퀘스트
https://s3.ap-northeast-2.amazonaws.com/boardcollie.com/game/image/라보카.jpg,라보카
https://s3.ap-northeast-2.amazonaws.com/boardcollie.com/game/image/라비린스.jpg,라비린스
https://s3.ap-northeast-2.amazonaws.com/boardcollie.com/game/image/라스베가스.jpg,라스베가스
https://s3.ap-northeast-2.amazonaws.com/boardcollie.com/game/image/라온.jpg,라온
https://s3.ap-northeast-2.amazonaws.com/boardcollie.com/game/image/러시아워쉬프트.jpg,러시아워쉬프트
https://s3.ap-northeast-2.amazonaws.com/boardcollie.com/game/image/시퀀스.jpg,시퀀스
https://s3.ap-northeast-2.amazonaws.com/boardcollie.com/game/image/레지스탕스 아발론.jpg,레지스탕스 아발론
https://s3.ap-northeast-2.amazonaws.com/boardcollie.com/game/image/레지스탕스:쿠.jpg,레지스탕스:쿠
https://s3.ap-northeast-2.amazonaws.com/boardcollie.com/game/image/렉시오.jpg,렉시오
https://s3.ap-northeast-2.amazonaws.com/boardcollie.com/game/image/로보77.jpg,로보77
https://s3.ap-northeast-2.amazonaws.com/boardcollie.com/game/image/시타델.jpg,시타델
https://s3.ap-northeast-2.amazonaws.com/boardcollie.com/game/image/루미큐브.jpg,루미큐브
https://s3.ap-northeast-2.amazonaws.com/boardcollie.com/game/image/루핑루이.jpg,루핑루이
https://s3.ap-northeast-2.amazonaws.com/boardcollie.com/game/image/뤄양의사람들.jpg,뤄양의사람들
https://s3.ap-northeast-2.amazonaws.com/boardcollie.com/game/image/마닐라.jpg,마닐라
https://s3.ap-northeast-2.amazonaws.com/boardcollie.com/game/image/마라케시.jpg,마라케시
https://s3.ap-northeast-2.amazonaws.com/boardcollie.com/game/image/마법의미로.jpg,마법의미로
https://s3.ap-northeast-2.amazonaws.com/boardcollie.com/game/image/마헤.jpg,마헤
https://s3.ap-northeast-2.amazonaws.com/boardcollie.com/game/image/맨해튼.jpg,맨해튼
https://s3.ap-northeast-2.amazonaws.com/boardcollie.com/game/image/나방속이기 (장난꾸러기 나방).jpg,나방속이기 (장난꾸러기 나방)
https://s3.ap-northeast-2.amazonaws.com/boardcollie.com/game/image/모노폴리.jpg,모노폴리
https://s3.ap-northeast-2.amazonaws.com/boardcollie.com/game/image/모던아트.jpg,모던아트
https://s3.ap-northeast-2.amazonaws.com/boardcollie.com/game/image/몰타의관문.jpg,몰타의관문
https://s3.ap-northeast-2.amazonaws.com/boardcollie.com/game/image/미니빌.jpg,미니빌
https://s3.ap-northeast-2.amazonaws.com/boardcollie.com/game/image/미니빌:그린밸리.jpg,미니빌:그린밸리
https://s3.ap-northeast-2.amazonaws.com/boardcollie.com/game/image/미니빌:항구.jpg,미니빌:항구
https://s3.ap-northeast-2.amazonaws.com/boardcollie.com/game/image/미스터잭.jpg,미스터잭
https://s3.ap-northeast-2.amazonaws.com/boardcollie.com/game/image/미스터잭 포켓.jpg,미스터잭 포켓
https://s3.ap-northeast-2.amazonaws.com/boardcollie.com/game/image/바운스오프.jpg,바운스오프
https://s3.ap-northeast-2.amazonaws.com/boardcollie.com/game/image/바퀴벌레 샐러드.jpg,바퀴벌레 샐러드
https://s3.ap-northeast-2.amazonaws.com/boardcollie.com/game/image/바퀴벌레포커.jpg,바퀴벌레포커
https://s3.ap-northeast-2.amazonaws.com/boardcollie.com/game/image/배틀쉽.jpg,배틀쉽
https://s3.ap-northeast-2.amazonaws.com/boardcollie.com/game/image/뱅.jpg,뱅
https://s3.ap-northeast-2.amazonaws.com/boardcollie.com/game/image/텔레스트레이션.jpg,텔레스트레이션
https://s3.ap-northeast-2.amazonaws.com/boardcollie.com/game/image/뱅:다이스.jpg,뱅:다이스
https://s3.ap-northeast-2.amazonaws.com/boardcollie.com/game/image/뱅:닷지시티.jpg,뱅:닷지시티
https://s3.ap-northeast-2.amazonaws.com/boardcollie.com/game/image/웰컴백 투더 던전.jpg,웰컴백 투더 던전
https://s3.ap-northeast-2.amazonaws.com/boardcollie.com/game/image/보난자.jpg,보난자
https://s3.ap-northeast-2.amazonaws.com/boardcollie.com/game/image/부루마불.jpg,부루마불
https://s3.ap-northeast-2.amazonaws.com/boardcollie.com/game/image/블로커스.jpg,블로커스
https://s3.ap-northeast-2.amazonaws.com/boardcollie.com/game/image/블리츠.jpg,블리츠
https://s3.ap-northeast-2.amazonaws.com/boardcollie.com/game/image/사보타지.jpg,사보타지
https://s3.ap-northeast-2.amazonaws.com/boardcollie.com/game/image/선물입니다.jpg,선물입니다
https://s3.ap-northeast-2.amazonaws.com/boardcollie.com/game/image/핸즈업.jpg,핸즈업
https://s3.ap-northeast-2.amazonaws.com/boardcollie.com/game/image/세트.jpg,세트
https://s3.ap-northeast-2.amazonaws.com/boardcollie.com/game/image/셜록13.jpg,셜록13
https://s3.ap-northeast-2.amazonaws.com/boardcollie.com/game/image/손바닥룰렛.jpg,손바닥룰렛
https://s3.ap-northeast-2.amazonaws.com/boardcollie.com/game/image/쇼텐토텐.jpg,쇼텐토텐
https://s3.ap-northeast-2.amazonaws.com/boardcollie.com/game/image/숲속의음악대.jpg,숲속의음악대
https://s3.ap-northeast-2.amazonaws.com/boardcollie.com/game/image/슈퍼라이노.jpg,슈퍼라이노
https://s3.ap-northeast-2.amazonaws.com/boardcollie.com/game/image/스머프 사다리게임.jpg,스머프 사다리게임
https://s3.ap-northeast-2.amazonaws.com/boardcollie.com/game/image/스택시스.jpg,스택시스
https://s3.ap-northeast-2.amazonaws.com/boardcollie.com/game/image/스트라테고.jpg,스트라테고
https://s3.ap-northeast-2.amazonaws.com/boardcollie.com/game/image/스트림스.jpg,스트림스
https://s3.ap-northeast-2.amazonaws.com/boardcollie.com/game/image/스티키스틱스.jpg,스티키스틱스
https://s3.ap-northeast-2.amazonaws.com/boardcollie.com/game/image/스파이폴.jpg,스파이폴
https://s3.ap-northeast-2.amazonaws.com/boardcollie.com/game/image/스플렌더.jpg,스플렌더
https://s3.ap-northeast-2.amazonaws.com/boardcollie.com/game/image/메트로.jpg,메트로
https://s3.ap-northeast-2.amazonaws.com/boardcollie.com/game/image/신의한수.jpg,신의한수
https://s3.ap-northeast-2.amazonaws.com/boardcollie.com/game/image/아그리콜라.jpg,아그리콜라
https://s3.ap-northeast-2.amazonaws.com/boardcollie.com/game/image/아발론.jpg,아발론
https://s3.ap-northeast-2.amazonaws.com/boardcollie.com/game/image/아브라카왓.jpg,아브라카왓
https://s3.ap-northeast-2.amazonaws.com/boardcollie.com/game/image/아임더보스.jpg,아임더보스
https://s3.ap-northeast-2.amazonaws.com/boardcollie.com/game/image/아컴호러.jpg,아컴호러
https://s3.ap-northeast-2.amazonaws.com/boardcollie.com/game/image/에니그마.jpg,에니그마
https://s3.ap-northeast-2.amazonaws.com/boardcollie.com/game/image/와이어트어프.jpg,와이어트어프
https://s3.ap-northeast-2.amazonaws.com/boardcollie.com/game/image/우노.jpg,우노
https://s3.ap-northeast-2.amazonaws.com/boardcollie.com/game/image/우봉고.jpg,우봉고
https://s3.ap-northeast-2.amazonaws.com/boardcollie.com/game/image/원카드클래식.jpg,원카드클래식
https://s3.ap-northeast-2.amazonaws.com/boardcollie.com/game/image/위너스서클.jpg,위너스서클
https://s3.ap-northeast-2.amazonaws.com/boardcollie.com/game/image/이매진.jpg,이매진
https://s3.ap-northeast-2.amazonaws.com/boardcollie.com/game/image/이스탄불.jpg,이스탄불
https://s3.ap-northeast-2.amazonaws.com/boardcollie.com/game/image/이웃집 몬스터.jpg,이웃집 몬스터
https://s3.ap-northeast-2.amazonaws.com/boardcollie.com/game/image/인쉬.jpg,인쉬
https://s3.ap-northeast-2.amazonaws.com/boardcollie.com/game/image/장기.jpg,장기
https://s3.ap-northeast-2.amazonaws.com/boardcollie.com/game/image/스타워즈 : 덱빌딩 게임.jpg,스타워즈 : 덱빌딩 게임
https://s3.ap-northeast-2.amazonaws.com/boardcollie.com/game/image/젝스님트.jpg,젝스님트
https://s3.ap-northeast-2.amazonaws.com/boardcollie.com/game/image/젠가.jpg,젠가
https://s3.ap-northeast-2.amazonaws.com/boardcollie.com/game/image/젬블로.jpg,젬블로
https://s3.ap-northeast-2.amazonaws.com/boardcollie.com/game/image/젬블로Q.jpg,젬블로Q
https://s3.ap-northeast-2.amazonaws.com/boardcollie.com/game/image/줄로레또.jpg,줄로레또
https://s3.ap-northeast-2.amazonaws.com/boardcollie.com/game/image/마법사와 움직이는 탑.jpg,마법사와 움직이는 탑
https://s3.ap-northeast-2.amazonaws.com/boardcollie.com/game/image/차이나타운.jpg,차이나타운
https://s3.ap-northeast-2.amazonaws.com/boardcollie.com/game/image/챠오챠오.jpg,챠오챠오
https://s3.ap-northeast-2.amazonaws.com/boardcollie.com/game/image/체스 앤 체커스.jpg,체스 앤 체커스
https://s3.ap-northeast-2.amazonaws.com/boardcollie.com/game/image/치킨차차.jpg,치킨차차
https://s3.ap-northeast-2.amazonaws.com/boardcollie.com/game/image/카루바.jpg,카루바
https://s3.ap-northeast-2.amazonaws.com/boardcollie.com/game/image/카르카손.jpg,카르카손
https://s3.ap-northeast-2.amazonaws.com/boardcollie.com/game/image/카탄:도시와기사.jpg,카탄:도시와기사
https://s3.ap-northeast-2.amazonaws.com/boardcollie.com/game/image/카탄:항해사.jpg,카탄:항해사
https://s3.ap-northeast-2.amazonaws.com/boardcollie.com/game/image/카탄:5-6인확장.jpg,카탄:5-6인확장
https://s3.ap-northeast-2.amazonaws.com/boardcollie.com/game/image/카후나.jpg,카후나
https://s3.ap-northeast-2.amazonaws.com/boardcollie.com/game/image/콘셉트.jpg,콘셉트
https://s3.ap-northeast-2.amazonaws.com/boardcollie.com/game/image/컬러레또.jpg,컬러레또
https://s3.ap-northeast-2.amazonaws.com/boardcollie.com/game/image/컴팩트컬링.jpg,컴팩트컬링
https://s3.ap-northeast-2.amazonaws.com/boardcollie.com/game/image/티켓투라이드 : 유럽.jpg,티켓투라이드 : 유럽
https://s3.ap-northeast-2.amazonaws.com/boardcollie.com/game/image/코드777.jpg,코드777
https://s3.ap-northeast-2.amazonaws.com/boardcollie.com/game/image/코코너츠.jpg,코코너츠
https://s3.ap-northeast-2.amazonaws.com/boardcollie.com/game/image/티켓투라이드 : 노르딕컨트리.jpg,티켓투라이드 : 노르딕컨트리
https://s3.ap-northeast-2.amazonaws.com/boardcollie.com/game/image/쿼리도.jpg,쿼리도
https://s3.ap-northeast-2.amazonaws.com/boardcollie.com/game/image/쿼클.jpg,쿼클
https://s3.ap-northeast-2.amazonaws.com/boardcollie.com/game/image/퀵소.jpg,퀵소
https://s3.ap-northeast-2.amazonaws.com/boardcollie.com/game/image/클루.jpg,클루
https://s3.ap-northeast-2.amazonaws.com/boardcollie.com/game/image/타르기.jpg,타르기
https://s3.ap-northeast-2.amazonaws.com/boardcollie.com/game/image/타뷸라의늑대.jpg,타뷸라의늑대
https://s3.ap-northeast-2.amazonaws.com/boardcollie.com/game/image/타임라인:한국사.jpg,타임라인:한국사
https://s3.ap-northeast-2.amazonaws.com/boardcollie.com/game/image/터틀블럭.jpg,터틀블럭
https://s3.ap-northeast-2.amazonaws.com/boardcollie.com/game/image/텀블링다이스.jpg,텀블링다이스
https://s3.ap-northeast-2.amazonaws.com/boardcollie.com/game/image/텀블링몽키.jpg,텀블링몽키
https://s3.ap-northeast-2.amazonaws.com/boardcollie.com/game/image/테라미스티카.jpg,테라미스티카
https://s3.ap-northeast-2.amazonaws.com/boardcollie.com/game/image/테트리스링크.jpg,테트리스링크
https://s3.ap-northeast-2.amazonaws.com/boardcollie.com/game/image/톡톡우드맨.jpg,톡톡우드맨
https://s3.ap-northeast-2.amazonaws.com/boardcollie.com/game/image/티켓투라이드.jpg,티켓투라이드
https://s3.ap-northeast-2.amazonaws.com/boardcollie.com/game/image/티키토플.jpg,티키토플
https://s3.ap-northeast-2.amazonaws.com/boardcollie.com/game/image/파라오코드.jpg,파라오코드
https://s3.ap-northeast-2.amazonaws.com/boardcollie.com/game/image/패치워크.jpg,패치워크
https://s3.ap-northeast-2.amazonaws.com/boardcollie.com/game/image/팬데믹.jpg,팬데믹
https://s3.ap-northeast-2.amazonaws.com/boardcollie.com/game/image/퍼레이드.jpg,퍼레이드
https://s3.ap-northeast-2.amazonaws.com/boardcollie.com/game/image/펭귄팡팡 (펭귄트랩).jpg,펭귄팡팡 (펭귄트랩)
https://s3.ap-northeast-2.amazonaws.com/boardcollie.com/game/image/포세일.jpg,포세일
https://s3.ap-northeast-2.amazonaws.com/boardcollie.com/game/image/푸에르토리코.jpg,푸에르토리코
https://s3.ap-northeast-2.amazonaws.com/boardcollie.com/game/image/프로히스.jpg,프로히스
https://s3.ap-northeast-2.amazonaws.com/boardcollie.com/game/image/피냐타.jpg,피냐타
https://s3.ap-northeast-2.amazonaws.com/boardcollie.com/game/image/디셉션 : 홍콩 살인 사건.jpg,디셉션 : 홍콩 살인 사건
https://s3.ap-northeast-2.amazonaws.com/boardcollie.com/game/image/핏.jpg,핏
https://s3.ap-northeast-2.amazonaws.com/boardcollie.com/game/image/하나비.jpg,하나비
https://s3.ap-northeast-2.amazonaws.com/boardcollie.com/game/image/한밤의 늑대인간 : 기본캐릭터.jpg,한밤의 늑대인간 : 기본캐릭터
https://s3.ap-northeast-2.amazonaws.com/boardcollie.com/game/image/할리갈리.jpg,할리갈리
https://s3.ap-northeast-2.amazonaws.com/boardcollie.com/game/image/할리갈리 익스트림.jpg,할리갈리 익스트림
https://s3.ap-northeast-2.amazonaws.com/boardcollie.com/game/image/할리갈리 컵스.jpg,할리갈리 컵스
https://s3.ap-northeast-2.amazonaws.com/boardcollie.com/game/image/해적룰렛.jpg,해적룰렛
https://s3.ap-northeast-2.amazonaws.com/boardcollie.com/game/image/핸즈.jpg,핸즈
https://s3.ap-northeast-2.amazonaws.com/boardcollie.com/game/image/행온하비 (꽉잡아하비).jpg,행온하비 (꽉잡아하비)
https://s3.ap-northeast-2.amazonaws.com/boardcollie.com/game/image/흔들흔들해적선.jpg,흔들흔들해적선
https://s3.ap-northeast-2.amazonaws.com/boardcollie.com/game/image/이것좀봐.jpg,이것좀봐
https://s3.ap-northeast-2.amazonaws.com/boardcollie.com/game/image/코드네임 픽쳐스.jpg,코드네임 픽쳐스
https://s3.ap-northeast-2.amazonaws.com/boardcollie.com/game/image/폴드잇.jpg,폴드잇
https://s3.ap-northeast-2.amazonaws.com/boardcollie.com/game/image/도블 동물원.jpg,도블 동물원
https://s3.ap-northeast-2.amazonaws.com/boardcollie.com/game/image/피라미드포커.jpg,피라미드포커
https://s3.ap-northeast-2.amazonaws.com/boardcollie.com/game/image/레지스탕스 쿠 : 리포메이션.jpg,레지스탕스 쿠 : 리포메이션
https://s3.ap-northeast-2.amazonaws.com/boardcollie.com/game/image/코티지가든.jpg,코티지가든
https://s3.ap-northeast-2.amazonaws.com/boardcollie.com/game/image/센추리 : 향신료의 길.jpg,센추리 : 향신료의 길
https://s3.ap-northeast-2.amazonaws.com/boardcollie.com/game/image/벼룩서커스.jpg,벼룩서커스
https://s3.ap-northeast-2.amazonaws.com/boardcollie.com/game/image/드림홈.jpg,드림홈
https://s3.ap-northeast-2.amazonaws.com/boardcollie.com/game/image/스타트업스.jpg,스타트업스
https://s3.ap-northeast-2.amazonaws.com/boardcollie.com/game/image/미스터잭 인 뉴욕.jpg,미스터잭 인 뉴욕
https://s3.ap-northeast-2.amazonaws.com/boardcollie.com/game/image/루미큐브 한글.jpg,루미큐브 한글
https://s3.ap-northeast-2.amazonaws.com/boardcollie.com/game/image/테마틱.jpg,테마틱
https://s3.ap-northeast-2.amazonaws.com/boardcollie.com/game/image/임호텝.jpg,임호텝
https://s3.ap-northeast-2.amazonaws.com/boardcollie.com/game/image/세븐원더스.jpg,세븐원더스
https://s3.ap-northeast-2.amazonaws.com/boardcollie.com/game/image/마스크맨.jpg,마스크맨
https://s3.ap-northeast-2.amazonaws.com/boardcollie.com/game/image/타란툴라탱고.jpg,타란툴라탱고
https://s3.ap-northeast-2.amazonaws.com/boardcollie.com/game/image/브레인스톰.jpg,브레인스톰
https://s3.ap-northeast-2.amazonaws.com/boardcollie.com/game/image/황혼의투쟁.jpg,황혼의투쟁
https://s3.ap-northeast-2.amazonaws.com/boardcollie.com/game/image/티칼.jpg,티칼
https://s3.ap-northeast-2.amazonaws.com/boardcollie.com/game/image/쿠한델 마스터.jpg,쿠한델 마스터
https://s3.ap-northeast-2.amazonaws.com/boardcollie.com/game/image/인디언포커.jpg,인디언포커
https://s3.ap-northeast-2.amazonaws.com/boardcollie.com/game/image/유령대소동.jpg,유령대소동
https://s3.ap-northeast-2.amazonaws.com/boardcollie.com/game/image/오부족.jpg,오부족
https://s3.ap-northeast-2.amazonaws.com/boardcollie.com/game/image/스플렌더 : 찬란한도시.jpg,스플렌더 : 찬란한도시
https://s3.ap-northeast-2.amazonaws.com/boardcollie.com/game/image/위자드.jpg,위자드
https://s3.ap-northeast-2.amazonaws.com/boardcollie.com/game/image/마음의선물.jpg,마음의선물
https://s3.ap-northeast-2.amazonaws.com/boardcollie.com/game/image/스탁파일.jpg,스탁파일
https://s3.ap-northeast-2.amazonaws.com/boardcollie.com/game/image/마피아 데 쿠바.jpg,마피아 데 쿠바
https://s3.ap-northeast-2.amazonaws.com/boardcollie.com/game/image/마피아 데 쿠바.jpg,마피아 데 쿠바
https://s3.ap-northeast-2.amazonaws.com/boardcollie.com/game/image/셀레스티아.jpg,셀레스티아
https://s3.ap-northeast-2.amazonaws.com/boardcollie.com/game/image/라온 조각.jpg,라온 조각
https://s3.ap-northeast-2.amazonaws.com/boardcollie.com/game/image/쿠키런 러브레터.jpg,쿠키런 러브레터
https://s3.ap-northeast-2.amazonaws.com/boardcollie.com/game/image/인코그니토.jpg,인코그니토
https://s3.ap-northeast-2.amazonaws.com/boardcollie.com/game/image/도미니언 : 장막뒤의사람들.jpg,도미니언 : 장막뒤의사람들
https://s3.ap-northeast-2.amazonaws.com/boardcollie.com/game/image/두더지 땅파기.jpg,두더지 땅파기
https://s3.ap-northeast-2.amazonaws.com/boardcollie.com/game/image/뒤죽박죽 서커스.jpg,뒤죽박죽 서커스
https://s3.ap-northeast-2.amazonaws.com/boardcollie.com/game/image/랫 어 탯캣.jpg,랫 어 탯캣
https://s3.ap-northeast-2.amazonaws.com/boardcollie.com/game/image/달러투도넛.jpg,달러투도넛
https://s3.ap-northeast-2.amazonaws.com/boardcollie.com/game/image/오트리오.jpg,오트리오
https://s3.ap-northeast-2.amazonaws.com/boardcollie.com/game/image/마피아 데 쿠바 : 혁명.jpg,마피아 데 쿠바 : 혁명
https://s3.ap-northeast-2.amazonaws.com/boardcollie.com/game/image/생쥐만세 (비바토포).jpg,생쥐만세 (비바토포)
https://s3.ap-northeast-2.amazonaws.com/boardcollie.com/game/image/샤크.jpg,샤크
https://s3.ap-northeast-2.amazonaws.com/boardcollie.com/game/image/스파이폴2.jpg,스파이폴2
https://s3.ap-northeast-2.amazonaws.com/boardcollie.com/game/image/라쿠카라차.jpg,라쿠카라차
https://s3.ap-northeast-2.amazonaws.com/boardcollie.com/game/image/스컬킹.jpg,스컬킹
https://s3.ap-northeast-2.amazonaws.com/boardcollie.com/game/image/졸리앤로저.jpg,졸리앤로저
https://s3.ap-northeast-2.amazonaws.com/boardcollie.com/game/image/슬루스.jpg,슬루스
https://s3.ap-northeast-2.amazonaws.com/boardcollie.com/game/image/토끼와 거북이.jpg,토끼와 거북이
https://s3.ap-northeast-2.amazonaws.com/boardcollie.com/game/image/오뚜기 윷놀이.jpg,오뚜기 윷놀이
https://s3.ap-northeast-2.amazonaws.com/boardcollie.com/game/image/플라잉 팬케이크.jpg,플라잉 팬케이크
https://s3.ap-northeast-2.amazonaws.com/boardcollie.com/game/image/초밥왕.jpg,초밥왕
https://s3.ap-northeast-2.amazonaws.com/boardcollie.com/game/image/테이크 잇 이지.jpg,테이크 잇 이지
https://s3.ap-northeast-2.amazonaws.com/boardcollie.com/game/image/마제스티 크라운 앤 킹덤.jpg,마제스티 크라운 앤 킹덤
https://s3.ap-northeast-2.amazonaws.com/boardcollie.com/game/image/큐윅스.jpg,큐윅스
https://s3.ap-northeast-2.amazonaws.com/boardcollie.com/game/image/데드 맨스 드로우.jpg,데드 맨스 드로우
https://s3.ap-northeast-2.amazonaws.com/boardcollie.com/game/image/레이디 고디바.jpg,레이디 고디바
https://s3.ap-northeast-2.amazonaws.com/boardcollie.com/game/image/스킵피티.jpg,스킵피티
https://s3.ap-northeast-2.amazonaws.com/boardcollie.com/game/image/도망자.jpg,도망자
https://s3.ap-northeast-2.amazonaws.com/boardcollie.com/game/image/슬리핑 퀸즈.jpg,슬리핑 퀸즈
https://s3.ap-northeast-2.amazonaws.com/boardcollie.com/game/image/탤리호 (할랄리).jpg,탤리호 (할랄리)
https://s3.ap-northeast-2.amazonaws.com/boardcollie.com/game/image/아키올로지.jpg,아키올로지
https://s3.ap-northeast-2.amazonaws.com/boardcollie.com/game/image/킹도미노.jpg,킹도미노
https://s3.ap-northeast-2.amazonaws.com/boardcollie.com/game/image/테라포밍마스.jpg,테라포밍마스
https://s3.ap-northeast-2.amazonaws.com/boardcollie.com/game/image/5분던전.jpg,5분던전
https://s3.ap-northeast-2.amazonaws.com/boardcollie.com/game/image/윌유메리미 (데어이쎄스).jpg,윌유메리미 (데어이쎄스)
https://s3.ap-northeast-2.amazonaws.com/boardcollie.com/game/image/사그라다.jpg,사그라다
https://s3.ap-northeast-2.amazonaws.com/boardcollie.com/game/image/블루라군.jpg,블루라군
https://s3.ap-northeast-2.amazonaws.com/boardcollie.com/game/image/크라임호텔.jpg,크라임호텔
https://s3.ap-northeast-2.amazonaws.com/boardcollie.com/game/image/아줄.jpg,아줄
https://s3.ap-northeast-2.amazonaws.com/boardcollie.com/game/image/센추리 : 동방의 바다.jpg,센추리 : 동방의 바다
https://s3.ap-northeast-2.amazonaws.com/boardcollie.com/game/image/가짜예술가 뉴욕에가다.jpg,가짜예술가 뉴욕에가다
https://s3.ap-northeast-2.amazonaws.com/boardcollie.com/game/image/꿈의 대화.jpg,꿈의 대화
https://s3.ap-northeast-2.amazonaws.com/boardcollie.com/game/image/영리한 여우.jpg,영리한 여우
https://s3.ap-northeast-2.amazonaws.com/boardcollie.com/game/image/펭귄파티.jpg,펭귄파티
https://s3.ap-northeast-2.amazonaws.com/boardcollie.com/game/image/헥스피드.jpg,헥스피드
https://s3.ap-northeast-2.amazonaws.com/boardcollie.com/game/image/더마인드.jpg,더마인드
https://s3.ap-northeast-2.amazonaws.com/boardcollie.com/game/image/산토리니.jpg,산토리니
https://s3.ap-northeast-2.amazonaws.com/boardcollie.com/game/image/코드네임.jpg,코드네임
https://s3.ap-northeast-2.amazonaws.com/boardcollie.com/game/image/칼라리아.jpg,칼라리아
https://s3.ap-northeast-2.amazonaws.com/boardcollie.com/game/image/로스트시티.jpg,로스트시티
https://s3.ap-northeast-2.amazonaws.com/boardcollie.com/game/image/자이푸르.jpg,자이푸르
https://s3.ap-northeast-2.amazonaws.com/boardcollie.com/game/image/스피디피커스.jpg,스피디피커스
https://s3.ap-northeast-2.amazonaws.com/boardcollie.com/game/image/솔레니아.jpg,솔레니아
https://s3.ap-northeast-2.amazonaws.com/boardcollie.com/game/image/OX퀴즈왕.jpg,OX퀴즈왕
https://s3.ap-northeast-2.amazonaws.com/boardcollie.com/game/image/도미니언.jpg,도미니언
https://s3.ap-northeast-2.amazonaws.com/boardcollie.com/game/image/랩터.jpg,랩터
https://s3.ap-northeast-2.amazonaws.com/boardcollie.com/game/image/셋셋셋.jpg,셋셋셋
https://s3.ap-northeast-2.amazonaws.com/boardcollie.com/game/image/모아보새.jpg,모아보새
https://s3.ap-northeast-2.amazonaws.com/boardcollie.com/game/image/데칼코.jpg,데칼코
https://s3.ap-northeast-2.amazonaws.com/boardcollie.com/game/image/상어 아일랜드.jpg,상어 아일랜드
https://s3.ap-northeast-2.amazonaws.com/boardcollie.com/game/image/상어를 조심해.jpg,상어를 조심해
https://s3.ap-northeast-2.amazonaws.com/boardcollie.com/game/image/에코링크.jpg,에코링크
https://s3.ap-northeast-2.amazonaws.com/boardcollie.com/game/image/코린트.jpg,코린트
https://s3.ap-northeast-2.amazonaws.com/boardcollie.com/game/image/와글와글사파리.jpg,와글와글사파리
https://s3.ap-northeast-2.amazonaws.com/boardcollie.com/game/image/티츄 딜럭스.jpg,티츄 딜럭스
https://s3.ap-northeast-2.amazonaws.com/boardcollie.com/game/image/공기놀이.jpg,공기놀이
https://s3.ap-northeast-2.amazonaws.com/boardcollie.com/game/image/너도나도파티.jpg,너도나도파티
https://s3.ap-northeast-2.amazonaws.com/boardcollie.com/game/image/잉카의 황금.jpg,잉카의 황금
https://s3.ap-northeast-2.amazonaws.com/boardcollie.com/game/image/센추리 : 신대륙의 개척자.jpg,센추리 : 신대륙의 개척자
https://s3.ap-northeast-2.amazonaws.com/boardcollie.com/game/image/일루전.jpg,일루전
https://s3.ap-northeast-2.amazonaws.com/boardcollie.com/game/image/파워그리드.jpg,파워그리드
https://s3.ap-northeast-2.amazonaws.com/boardcollie.com/game/image/의자쌓기.jpg,의자쌓기
https://s3.ap-northeast-2.amazonaws.com/boardcollie.com/game/image/고읭고읭.jpg,고읭고읭
https://s3.ap-northeast-2.amazonaws.com/boardcollie.com/game/image/테이블톡 베이직.jpg,테이블톡 베이직
https://s3.ap-northeast-2.amazonaws.com/boardcollie.com/game/image/테이블톡 커플.jpg,테이블톡 커플
https://s3.ap-northeast-2.amazonaws.com/boardcollie.com/game/image/테이블톡 패밀리.jpg,테이블톡 패밀리
https://s3.ap-northeast-2.amazonaws.com/boardcollie.com/game/image/노터치 크라켄 디럭스 (크툴루를 건드리지마).jpg,노터치 크라켄 디럭스 (크툴루를 건드리지마)
https://s3.ap-northeast-2.amazonaws.com/boardcollie.com/game/image/라티스하와이.jpg,라티스하와이
https://s3.ap-northeast-2.amazonaws.com/boardcollie.com/game/image/저스트원.jpg,저스트원
https://s3.ap-northeast-2.amazonaws.com/boardcollie.com/game/image/윙스팬.jpg,윙스팬
https://s3.ap-northeast-2.amazonaws.com/boardcollie.com/game/image/타코 캣 고트 치즈 피자.jpg,타코 캣 고트 치즈 피자
https://s3.ap-northeast-2.amazonaws.com/boardcollie.com/game/image/캐쉬.jpg,캐쉬
https://s3.ap-northeast-2.amazonaws.com/boardcollie.com/game/image/부두프린스.jpg,부두프린스
https://s3.ap-northeast-2.amazonaws.com/boardcollie.com/game/image/뱀파이어퀸.jpg,뱀파이어퀸
https://s3.ap-northeast-2.amazonaws.com/boardcollie.com/game/image/카탄.jpg,카탄
https://s3.ap-northeast-2.amazonaws.com/boardcollie.com/game/image/우봉고3D.jpg,우봉고3D
https://s3.ap-northeast-2.amazonaws.com/boardcollie.com/game/image/꼬치의 달인.jpg,꼬치의 달인
https://s3.ap-northeast-2.amazonaws.com/boardcollie.com/game/image/지도제작자들.jpg,지도제작자들
https://s3.ap-northeast-2.amazonaws.com/boardcollie.com/game/image/화이트홀.jpg,화이트홀
https://s3.ap-northeast-2.amazonaws.com/boardcollie.com/game/image/5초준다.jpg,5초준다
https://s3.ap-northeast-2.amazonaws.com/boardcollie.com/game/image/빛의 도시 파리.jpg,빛의 도시 파리
https://s3.ap-northeast-2.amazonaws.com/boardcollie.com/game/image/제왕의 깃발.jpg,제왕의 깃발
https://s3.ap-northeast-2.amazonaws.com/boardcollie.com/game/image/니다벨리르.jpg,니다벨리르
https://s3.ap-northeast-2.amazonaws.com/boardcollie.com/game/image/5분마블.jpg,5분마블
https://s3.ap-northeast-2.amazonaws.com/boardcollie.com/game/image/블랙햇츠.jpg,블랙햇츠
https://s3.ap-northeast-2.amazonaws.com/boardcollie.com/game/image/스탁파일: 계속되는 부패.jpg,스탁파일: 계속되는 부패
https://s3.ap-northeast-2.amazonaws.com/boardcollie.com/game/image/스탁파일: 불법 투자.jpg,스탁파일: 불법 투자
https://s3.ap-northeast-2.amazonaws.com/boardcollie.com/game/image/테라포밍마스: 서곡.jpg,테라포밍마스: 서곡
https://s3.ap-northeast-2.amazonaws.com/boardcollie.com/game/image/테라포밍마스: 비너스 넥스트.jpg,테라포밍마스: 비너스 넥스트
https://s3.ap-northeast-2.amazonaws.com/boardcollie.com/game/image/테라포밍마스: 개척기지.jpg,테라포밍마스: 개척기지
https://s3.ap-northeast-2.amazonaws.com/boardcollie.com/game/image/하이소사이어티.jpg,하이소사이어티
https://s3.ap-northeast-2.amazonaws.com/boardcollie.com/game/image/13클루.jpg,13클루
https://s3.ap-northeast-2.amazonaws.com/boardcollie.com/game/image/캔트스탑.jpg,캔트스탑
https://s3.ap-northeast-2.amazonaws.com/boardcollie.com/game/image/밸런스게임.jpg,밸런스게임
https://s3.ap-northeast-2.amazonaws.com/boardcollie.com/game/image/요트다이스.jpg,요트다이스
https://s3.ap-northeast-2.amazonaws.com/boardcollie.com/game/image/다이아몬드 게임.jpg,다이아몬드 게임
https://s3.ap-northeast-2.amazonaws.com/boardcollie.com/game/image/구룡투.jpg,구룡투
https://s3.ap-northeast-2.amazonaws.com/boardcollie.com/game/image/키포지 : 어둠의 물결.jpg,키포지 : 어둠의 물결
https://s3.ap-northeast-2.amazonaws.com/boardcollie.com/game/image/보내줘 여행.jpg,보내줘 여행
https://s3.ap-northeast-2.amazonaws.com/boardcollie.com/game/image/다잉메시지 : 소설가의 마지막 문장.jpg,다잉메시지 : 소설가의 마지막 문장
https://s3.ap-northeast-2.amazonaws.com/boardcollie.com/game/image/언매치드.jpg,언매치드
https://s3.ap-northeast-2.amazonaws.com/boardcollie.com/game/image/돌팔이 약장수.jpg,돌팔이 약장수
https://s3.ap-northeast-2.amazonaws.com/boardcollie.com/game/image/스페이스크루.jpg,스페이스크루
https://s3.ap-northeast-2.amazonaws.com/boardcollie.com/game/image/바퀴벌레포커 로얄.jpg,바퀴벌레포커 로얄
https://s3.ap-northeast-2.amazonaws.com/boardcollie.com/game/image/언락2.jpg,언락2
https://s3.ap-northeast-2.amazonaws.com/boardcollie.com/game/image/언락3.jpg,언락3
https://s3.ap-northeast-2.amazonaws.com/boardcollie.com/game/image/윷놀이.jpg,윷놀이
https://s3.ap-northeast-2.amazonaws.com/boardcollie.com/game/image/도둑잡기.jpg,도둑잡기
https://s3.ap-northeast-2.amazonaws.com/boardcollie.com/game/image/포션폭발.jpg,포션폭발
https://s3.ap-northeast-2.amazonaws.com/boardcollie.com/game/image/더치블리츠.jpg,더치블리츠
https://s3.ap-northeast-2.amazonaws.com/boardcollie.com/game/image/인더스트리아.jpg,인더스트리아
https://s3.ap-northeast-2.amazonaws.com/boardcollie.com/game/image/만약카드 이심전심.jpg,만약카드 이심전심
https://s3.ap-northeast-2.amazonaws.com/boardcollie.com/game/image/디크립토.jpg,디크립토
https://s3.ap-northeast-2.amazonaws.com/boardcollie.com/game/image/퍼스트콘택트.jpg,퍼스트콘택트
https://s3.ap-northeast-2.amazonaws.com/boardcollie.com/game/image/카멜업 2판.jpg,카멜업 2판
https://s3.ap-northeast-2.amazonaws.com/boardcollie.com/game/image/스크리블 타임.jpg,스크리블 타임
https://s3.ap-northeast-2.amazonaws.com/boardcollie.com/game/image/로꼬라마.jpg,로꼬라마
https://s3.ap-northeast-2.amazonaws.com/boardcollie.com/game/image/듄 : 임페리움.jpg,듄 : 임페리움
https://s3.ap-northeast-2.amazonaws.com/boardcollie.com/game/image/파라노말 디텍티브.jpg,파라노말 디텍티브
https://s3.ap-northeast-2.amazonaws.com/boardcollie.com/game/image/블리츠 한글자.jpg,블리츠 한글자
https://s3.ap-northeast-2.amazonaws.com/boardcollie.com/game/image/지킬대하이드.jpg,지킬대하이드
https://s3.ap-northeast-2.amazonaws.com/boardcollie.com/game/image/언락4.jpg,언락4
https://s3.ap-northeast-2.amazonaws.com/boardcollie.com/game/image/서스펙트게임.jpg,서스펙트게임
https://s3.ap-northeast-2.amazonaws.com/boardcollie.com/game/image/캐스캐디아.jpg,캐스캐디아
https://s3.ap-northeast-2.amazonaws.com/boardcollie.com/game/image/블랙햇츠2.jpg,블랙햇츠2
https://s3.ap-northeast-2.amazonaws.com/boardcollie.com/game/image/언락1.jpg,언락1
https://s3.ap-northeast-2.amazonaws.com/boardcollie.com/game/image/독수리 눈치싸움.jpg,독수리 눈치싸움
https://s3.ap-northeast-2.amazonaws.com/boardcollie.com/game/image/쇼텐토텐2.jpg,쇼텐토텐2
https://s3.ap-northeast-2.amazonaws.com/boardcollie.com/game/image/시크릿 히틀러.jpg,시크릿 히틀러
https://s3.ap-northeast-2.amazonaws.com/boardcollie.com/game/image/진라면.jpg,진라면
https://s3.ap-northeast-2.amazonaws.com/boardcollie.com/game/image/타코케챂마요치즈피자.jpg,타코케챂마요치즈피자
https://s3.ap-northeast-2.amazonaws.com/boardcollie.com/game/image/할리갈리 배사매무초.jpg,할리갈리 배사매무초
https://s3.ap-northeast-2.amazonaws.com/boardcollie.com/game/image/바방크.jpg,바방크
https://s3.ap-northeast-2.amazonaws.com/boardcollie.com/game/image/마음보듬 대화카드.jpg,마음보듬 대화카드
https://s3.ap-northeast-2.amazonaws.com/boardcollie.com/game/image/부루마불 대한독립.jpg,부루마불 대한독립
https://s3.ap-northeast-2.amazonaws.com/boardcollie.com/game/image/페이퍼사파리 : 피카츄와 친구들.jpg,페이퍼사파리 : 피카츄와 친구들
https://s3.ap-northeast-2.amazonaws.com/boardcollie.com/game/image/포인트샐러드 : 이브이에디션.jpg,포인트샐러드 : 이브이에디션
https://s3.ap-northeast-2.amazonaws.com/boardcollie.com/game/image/러브레터.jpg,러브레터
https://s3.ap-northeast-2.amazonaws.com/boardcollie.com/game/image/코드네임 듀엣.jpg,코드네임 듀엣
https://s3.ap-northeast-2.amazonaws.com/boardcollie.com/game/image/스파이시.jpg,스파이시
https://s3.ap-northeast-2.amazonaws.com/boardcollie.com/game/image/머핀타임.jpg,머핀타임
https://s3.ap-northeast-2.amazonaws.com/boardcollie.com/game/image/스플렌더 대결.jpg,스플렌더 대결
https://s3.ap-northeast-2.amazonaws.com/boardcollie.com/game/image/노팅엄의 지방관.jpg,노팅엄의 지방관
https://s3.ap-northeast-2.amazonaws.com/boardcollie.com/game/image/재치와 눈치.jpg,재치와 눈치
https://s3.ap-northeast-2.amazonaws.com/boardcollie.com/game/image/워드캡처 티키타카.jpg,워드캡처 티키타카
https://s3.ap-northeast-2.amazonaws.com/boardcollie.com/game/image/익스플로딩 키튼.jpg,익스플로딩 키튼
https://s3.ap-northeast-2.amazonaws.com/boardcollie.com/game/image/디스크커버.jpg,디스크커버
https://s3.ap-northeast-2.amazonaws.com/boardcollie.com/game/image/스트라이크.jpg,스트라이크
https://s3.ap-northeast-2.amazonaws.com/boardcollie.com/game/image/언락5.jpg,언락5
https://s3.ap-northeast-2.amazonaws.com/boardcollie.com/game/image/언락6.jpg,언락6
https://s3.ap-northeast-2.amazonaws.com/boardcollie.com/game/image/콰르토.jpg,콰르토
https://s3.ap-northeast-2.amazonaws.com/boardcollie.com/game/image/쿼리도.jpg,쿼리도
https://s3.ap-northeast-2.amazonaws.com/boardcollie.com/game/image/하이소사이어티.jpg,하이소사이어티
https://s3.ap-northeast-2.amazonaws.com/boardcollie.com/game/image/레지스탕스 아발론 : 진행영상.jpg,레지스탕스 아발론 : 진행영상
https://s3.ap-northeast-2.amazonaws.com/boardcollie.com/game/image/레지스탕스 아발론 : 호수의여인.jpg,레지스탕스 아발론 : 호수의여인
https://s3.ap-northeast-2.amazonaws.com/boardcollie.com/game/image/쇼텐토텐 : 전략카드 영상.jpg,쇼텐토텐 : 전략카드 영상
https://s3.ap-northeast-2.amazonaws.com/boardcollie.com/game/image/아그리콜라 : 일반모드.jpg,아그리콜라 : 일반모드
https://s3.ap-northeast-2.amazonaws.com/boardcollie.com/game/image/한밤의 늑대인간 : 모든캐릭터.jpg,한밤의 늑대인간 : 모든캐릭터
https://s3.ap-northeast-2.amazonaws.com/boardcollie.com/game/image/시크릿 히틀러 : 진행영상.jpg,시크릿 히틀러 : 진행영상
https://s3.ap-northeast-2.amazonaws.com/boardcollie.com/game/image/한밤의늑대인간 : 진행영상-기본캐릭터.jpg,한밤의늑대인간 : 진행영상-기본캐릭터
https://s3.ap-northeast-2.amazonaws.com/boardcollie.com/game/image/한밤의늑대인간 : 진행영상-추가캐릭터.jpg,한밤의늑대인간 : 진행영상-추가캐릭터
https://s3.ap-northeast-2.amazonaws.com/boardcollie.com/game/image/한밤의늑대인간 : 진행영상-모든캐릭터.jpg,한밤의늑대인간 : 진행영상-모든캐릭터
https://s3.ap-northeast-2.amazonaws.com/boardcollie.com/game/image/이용안내 : 영어자막.jpg,이용안내 : 영어자막
